_id,_index,_score,_source.message,_source.payload,_source.timestamp,_type
Tue Apr 10 2018 19:25:00 GMT+0000 (UTC),safehouse-ap-devices-2018-04-10,1.0,Found 162434 Events,,2018-04-10 15:25:00.095,webhook
Tue Apr 10 2018 19:30:00 GMT+0000 (UTC),safehouse-ap-devices-2018-04-10,1.0,Found 163122 Events,,2018-04-10 15:30:00.050,webhook
Tue Apr 10 2018 19:35:00 GMT+0000 (UTC),safehouse-ap-devices-2018-04-10,1.0,Found 167519 Events,,2018-04-10 15:35:00.032,webhook
Tue Apr 10 2018 19:40:00 GMT+0000 (UTC),safehouse-ap-devices-2018-04-10,1.0,Found 175101 Events,,2018-04-10 15:40:00.032,webhook
Tue Apr 10 2018 19:45:00 GMT+0000 (UTC),safehouse-ap-devices-2018-04-10,1.0,Found 179355 Events,,2018-04-10 15:45:00.032,webhook
Tue Apr 10 2018 19:50:00 GMT+0000 (UTC),safehouse-ap-devices-2018-04-10,1.0,Found 183811 Events,,2018-04-10 15:50:00.041,webhook
Tue Apr 10 2018 19:55:00 GMT+0000 (UTC),safehouse-ap-devices-2018-04-10,1.0,Found 191204 Events,,2018-04-10 15:55:00.051,webhook
Tue Apr 10 2018 20:00:00 GMT+0000 (UTC),safehouse-ap-devices-2018-04-10,1.0,Found 198526 Events,,2018-04-10 16:00:00.031,webhook
Tue Apr 10 2018 20:05:00 GMT+0000 (UTC),safehouse-ap-devices-2018-04-10,1.0,Found 204894 Events,,2018-04-10 16:05:00.034,webhook
Tue Apr 10 2018 20:10:00 GMT+0000 (UTC),safehouse-ap-devices-2018-04-10,1.0,Found 212924 Events,,2018-04-10 16:10:00.047,webhook
Tue Apr 10 2018 20:15:00 GMT+0000 (UTC),safehouse-ap-devices-2018-04-10,1.0,Found 217355 Events,,2018-04-10 16:15:00.016,webhook
Tue Apr 10 2018 20:20:00 GMT+0000 (UTC),safehouse-ap-devices-2018-04-10,1.0,Found 221881 Events,,2018-04-10 16:20:00.031,webhook
Tue Apr 10 2018 20:25:00 GMT+0000 (UTC),safehouse-ap-devices-2018-04-10,1.0,Found 228474 Events,,2018-04-10 16:25:00.056,webhook
Tue Apr 10 2018 20:30:00 GMT+0000 (UTC),safehouse-ap-devices-2018-04-10,1.0,Found 234328 Events,,2018-04-10 16:30:00.027,webhook
Tue Apr 10 2018 20:35:00 GMT+0000 (UTC),safehouse-ap-devices-2018-04-10,1.0,Found 241154 Events,,2018-04-10 16:35:00.037,webhook
Tue Apr 10 2018 20:40:00 GMT+0000 (UTC),safehouse-ap-devices-2018-04-10,1.0,Found 247821 Events,,2018-04-10 16:40:00.050,webhook
Tue Apr 10 2018 20:45:00 GMT+0000 (UTC),safehouse-ap-devices-2018-04-10,1.0,Found 254559 Events,,2018-04-10 16:45:00.038,webhook
Tue Apr 10 2018 20:50:00 GMT+0000 (UTC),safehouse-ap-devices-2018-04-10,1.0,Found 258665 Events,,2018-04-10 16:50:00.049,webhook
Tue Apr 10 2018 20:55:00 GMT+0000 (UTC),safehouse-ap-devices-2018-04-10,1.0,Found 259101 Events,,2018-04-10 16:55:00.052,webhook
Tue Apr 10 2018 21:00:00 GMT+0000 (UTC),safehouse-ap-devices-2018-04-10,1.0,Found 259574 Events,,2018-04-10 17:00:00.014,webhook
Tue Apr 10 2018 21:05:00 GMT+0000 (UTC),safehouse-ap-devices-2018-04-10,1.0,Found 260092 Events,,2018-04-10 17:05:00.067,webhook
Tue Apr 10 2018 21:10:00 GMT+0000 (UTC),safehouse-ap-devices-2018-04-10,1.0,Found 260465 Events,,2018-04-10 17:10:00.030,webhook
Tue Apr 10 2018 21:15:00 GMT+0000 (UTC),safehouse-ap-devices-2018-04-10,1.0,Found 260950 Events,,2018-04-10 17:15:00.033,webhook
Tue Apr 10 2018 21:20:00 GMT+0000 (UTC),safehouse-ap-devices-2018-04-10,1.0,Found 261303 Events,,2018-04-10 17:20:00.105,webhook
Tue Apr 10 2018 21:25:00 GMT+0000 (UTC),safehouse-ap-devices-2018-04-10,1.0,Found 261686 Events,,2018-04-10 17:25:00.024,webhook
Tue Apr 10 2018 21:30:00 GMT+0000 (UTC),safehouse-ap-devices-2018-04-10,1.0,Found 261853 Events,,2018-04-10 17:30:00.043,webhook
Tue Apr 10 2018 21:35:00 GMT+0000 (UTC),safehouse-ap-devices-2018-04-10,1.0,Found 262073 Events,,2018-04-10 17:35:00.111,webhook
Tue Apr 10 2018 21:40:00 GMT+0000 (UTC),safehouse-ap-devices-2018-04-10,1.0,Found 262289 Events,,2018-04-10 17:40:00.028,webhook
Tue Apr 10 2018 21:45:00 GMT+0000 (UTC),safehouse-ap-devices-2018-04-10,1.0,Found 262534 Events,,2018-04-10 17:45:00.043,webhook
Tue Apr 10 2018 21:50:00 GMT+0000 (UTC),safehouse-ap-devices-2018-04-10,1.0,Found 262750 Events,,2018-04-10 17:50:00.039,webhook
Tue Apr 10 2018 21:55:00 GMT+0000 (UTC),safehouse-ap-devices-2018-04-10,1.0,Found 262916 Events,,2018-04-10 17:55:00.022,webhook
Tue Apr 10 2018 22:00:00 GMT+0000 (UTC),safehouse-ap-devices-2018-04-10,1.0,Found 263040 Events,,2018-04-10 18:00:00.046,webhook
Tue Apr 10 2018 22:05:00 GMT+0000 (UTC),safehouse-ap-devices-2018-04-10,1.0,Found 263066 Events,,2018-04-10 18:05:00.047,webhook
Tue Apr 10 2018 22:10:00 GMT+0000 (UTC),safehouse-ap-devices-2018-04-10,1.0,Found 263082 Events,,2018-04-10 18:10:00.036,webhook
Tue Apr 10 2018 22:15:00 GMT+0000 (UTC),safehouse-ap-devices-2018-04-10,1.0,Found 263133 Events,,2018-04-10 18:15:00.014,webhook
Tue Apr 10 2018 22:20:00 GMT+0000 (UTC),safehouse-ap-devices-2018-04-10,1.0,Found 263180 Events,,2018-04-10 18:20:00.019,webhook
Tue Apr 10 2018 22:25:00 GMT+0000 (UTC),safehouse-ap-devices-2018-04-10,1.0,Found 263230 Events,,2018-04-10 18:25:00.056,webhook
Tue Apr 10 2018 22:30:00 GMT+0000 (UTC),safehouse-ap-devices-2018-04-10,1.0,Found 263321 Events,,2018-04-10 18:30:00.043,webhook
Tue Apr 10 2018 22:35:00 GMT+0000 (UTC),safehouse-ap-devices-2018-04-10,1.0,Found 263348 Events,,2018-04-10 18:35:00.050,webhook
Tue Apr 10 2018 22:40:00 GMT+0000 (UTC),safehouse-ap-devices-2018-04-10,1.0,Found 263417 Events,,2018-04-10 18:40:00.029,webhook
Tue Apr 10 2018 22:45:00 GMT+0000 (UTC),safehouse-ap-devices-2018-04-10,1.0,Found 263553 Events,,2018-04-10 18:45:00.042,webhook
Tue Apr 10 2018 22:50:00 GMT+0000 (UTC),safehouse-ap-devices-2018-04-10,1.0,Found 263648 Events,,2018-04-10 18:50:00.042,webhook
Tue Apr 10 2018 22:55:00 GMT+0000 (UTC),safehouse-ap-devices-2018-04-10,1.0,Found 263740 Events,,2018-04-10 18:55:00.042,webhook
Tue Apr 10 2018 23:00:00 GMT+0000 (UTC),safehouse-ap-devices-2018-04-10,1.0,Found 263780 Events,,2018-04-10 19:00:00.020,webhook
Tue Apr 10 2018 23:05:00 GMT+0000 (UTC),safehouse-ap-devices-2018-04-10,1.0,Found 263831 Events,,2018-04-10 19:05:00.061,webhook
Tue Apr 10 2018 23:10:00 GMT+0000 (UTC),safehouse-ap-devices-2018-04-10,1.0,Found 263855 Events,,2018-04-10 19:10:00.032,webhook
Tue Apr 10 2018 23:15:00 GMT+0000 (UTC),safehouse-ap-devices-2018-04-10,1.0,Found 263886 Events,,2018-04-10 19:15:00.042,webhook
Tue Apr 10 2018 23:20:00 GMT+0000 (UTC),safehouse-ap-devices-2018-04-10,1.0,Found 263906 Events,,2018-04-10 19:20:00.043,webhook
Tue Apr 10 2018 23:25:00 GMT+0000 (UTC),safehouse-ap-devices-2018-04-10,1.0,Found 263960 Events,,2018-04-10 19:25:00.025,webhook
Tue Apr 10 2018 23:30:00 GMT+0000 (UTC),safehouse-ap-devices-2018-04-10,1.0,Found 266482 Events,,2018-04-10 19:30:00.049,webhook
Tue Apr 10 2018 23:35:00 GMT+0000 (UTC),safehouse-ap-devices-2018-04-10,1.0,Found 272564 Events,,2018-04-10 19:35:00.037,webhook
Tue Apr 10 2018 23:40:00 GMT+0000 (UTC),safehouse-ap-devices-2018-04-10,1.0,Found 277895 Events,,2018-04-10 19:40:00.035,webhook
Tue Apr 10 2018 23:45:00 GMT+0000 (UTC),safehouse-ap-devices-2018-04-10,1.0,Found 283488 Events,,2018-04-10 19:45:00.040,webhook
Tue Apr 10 2018 23:50:00 GMT+0000 (UTC),safehouse-ap-devices-2018-04-10,1.0,Found 286482 Events,,2018-04-10 19:50:00.015,webhook
Tue Apr 10 2018 23:55:00 GMT+0000 (UTC),safehouse-ap-devices-2018-04-10,1.0,Found 286552 Events,,2018-04-10 19:55:00.020,webhook
Wed Apr 11 2018 00:05:00 GMT+0000 (UTC),safehouse-ap-devices-2018-04-11,1.0,Found 51 Events,,2018-04-10 20:05:00.044,webhook
Wed Apr 11 2018 00:10:00 GMT+0000 (UTC),safehouse-ap-devices-2018-04-11,1.0,Found 2843 Events,,2018-04-10 20:10:00.030,webhook
Wed Apr 11 2018 00:15:00 GMT+0000 (UTC),safehouse-ap-devices-2018-04-11,1.0,Found 8731 Events,,2018-04-10 20:15:00.036,webhook
Wed Apr 11 2018 00:20:00 GMT+0000 (UTC),safehouse-ap-devices-2018-04-11,1.0,Found 14177 Events,,2018-04-10 20:20:00.021,webhook
Wed Apr 11 2018 00:25:00 GMT+0000 (UTC),safehouse-ap-devices-2018-04-11,1.0,Found 19948 Events,,2018-04-10 20:25:00.039,webhook
Wed Apr 11 2018 00:30:00 GMT+0000 (UTC),safehouse-ap-devices-2018-04-11,1.0,Found 22110 Events,,2018-04-10 20:30:00.020,webhook
Wed Apr 11 2018 00:35:00 GMT+0000 (UTC),safehouse-ap-devices-2018-04-11,1.0,Found 22166 Events,,2018-04-10 20:35:00.040,webhook
Wed Apr 11 2018 00:40:00 GMT+0000 (UTC),safehouse-ap-devices-2018-04-11,1.0,Found 22177 Events,,2018-04-10 20:40:00.020,webhook
Wed Apr 11 2018 00:45:00 GMT+0000 (UTC),safehouse-ap-devices-2018-04-11,1.0,Found 22185 Events,,2018-04-10 20:45:00.026,webhook
Wed Apr 11 2018 00:50:00 GMT+0000 (UTC),safehouse-ap-devices-2018-04-11,1.0,Found 24599 Events,,2018-04-10 20:50:00.021,webhook
Wed Apr 11 2018 00:55:00 GMT+0000 (UTC),safehouse-ap-devices-2018-04-11,1.0,Found 30582 Events,,2018-04-10 20:55:00.023,webhook
Wed Apr 11 2018 01:00:00 GMT+0000 (UTC),safehouse-ap-devices-2018-04-11,1.0,Found 35494 Events,,2018-04-10 21:00:00.025,webhook
Wed Apr 11 2018 01:05:00 GMT+0000 (UTC),safehouse-ap-devices-2018-04-11,1.0,Found 39428 Events,,2018-04-10 21:05:00.014,webhook
Wed Apr 11 2018 01:10:00 GMT+0000 (UTC),safehouse-ap-devices-2018-04-11,1.0,Found 41655 Events,,2018-04-10 21:10:00.024,webhook
Wed Apr 11 2018 01:15:00 GMT+0000 (UTC),safehouse-ap-devices-2018-04-11,1.0,Found 44988 Events,,2018-04-10 21:15:00.057,webhook
Wed Apr 11 2018 01:20:00 GMT+0000 (UTC),safehouse-ap-devices-2018-04-11,1.0,Found 48159 Events,,2018-04-10 21:20:00.047,webhook
Wed Apr 11 2018 01:25:00 GMT+0000 (UTC),safehouse-ap-devices-2018-04-11,1.0,Found 53883 Events,,2018-04-10 21:25:00.035,webhook
Wed Apr 11 2018 01:30:00 GMT+0000 (UTC),safehouse-ap-devices-2018-04-11,1.0,Found 56394 Events,,2018-04-10 21:30:00.040,webhook
Wed Apr 11 2018 01:35:00 GMT+0000 (UTC),safehouse-ap-devices-2018-04-11,1.0,Found 56413 Events,,2018-04-10 21:35:00.045,webhook
Wed Apr 11 2018 01:40:00 GMT+0000 (UTC),safehouse-ap-devices-2018-04-11,1.0,Found 56424 Events,,2018-04-10 21:40:00.040,webhook
Wed Apr 11 2018 01:45:00 GMT+0000 (UTC),safehouse-ap-devices-2018-04-11,1.0,Found 56440 Events,,2018-04-10 21:45:00.037,webhook
Wed Apr 11 2018 01:50:00 GMT+0000 (UTC),safehouse-ap-devices-2018-04-11,1.0,Found 59150 Events,,2018-04-10 21:50:00.036,webhook
Wed Apr 11 2018 01:55:00 GMT+0000 (UTC),safehouse-ap-devices-2018-04-11,1.0,Found 64012 Events,,2018-04-10 21:55:00.070,webhook
Wed Apr 11 2018 02:00:00 GMT+0000 (UTC),safehouse-ap-devices-2018-04-11,1.0,Found 68042 Events,,2018-04-10 22:00:00.049,webhook
Wed Apr 11 2018 02:05:00 GMT+0000 (UTC),safehouse-ap-devices-2018-04-11,1.0,Found 72834 Events,,2018-04-10 22:05:00.045,webhook
Wed Apr 11 2018 02:10:00 GMT+0000 (UTC),safehouse-ap-devices-2018-04-11,1.0,Found 79024 Events,,2018-04-10 22:10:00.022,webhook
Wed Apr 11 2018 02:15:00 GMT+0000 (UTC),safehouse-ap-devices-2018-04-11,1.0,Found 84585 Events,,2018-04-10 22:15:00.019,webhook
Wed Apr 11 2018 02:20:00 GMT+0000 (UTC),safehouse-ap-devices-2018-04-11,1.0,Found 90421 Events,,2018-04-10 22:20:00.045,webhook
Wed Apr 11 2018 02:25:00 GMT+0000 (UTC),safehouse-ap-devices-2018-04-11,1.0,Found 97857 Events,,2018-04-10 22:25:00.045,webhook
Wed Apr 11 2018 02:30:00 GMT+0000 (UTC),safehouse-ap-devices-2018-04-11,1.0,Found 103608 Events,,2018-04-10 22:30:00.040,webhook
Wed Apr 11 2018 02:35:00 GMT+0000 (UTC),safehouse-ap-devices-2018-04-11,1.0,Found 109791 Events,,2018-04-10 22:35:00.055,webhook
Wed Apr 11 2018 02:40:00 GMT+0000 (UTC),safehouse-ap-devices-2018-04-11,1.0,Found 116266 Events,,2018-04-10 22:40:00.047,webhook
Wed Apr 11 2018 02:45:00 GMT+0000 (UTC),safehouse-ap-devices-2018-04-11,1.0,Found 121861 Events,,2018-04-10 22:45:00.047,webhook
Wed Apr 11 2018 02:50:00 GMT+0000 (UTC),safehouse-ap-devices-2018-04-11,1.0,Found 128535 Events,,2018-04-10 22:50:00.016,webhook
Wed Apr 11 2018 02:55:00 GMT+0000 (UTC),safehouse-ap-devices-2018-04-11,1.0,Found 132374 Events,,2018-04-10 22:55:00.021,webhook
Wed Apr 11 2018 03:00:00 GMT+0000 (UTC),safehouse-ap-devices-2018-04-11,1.0,Found 135609 Events,,2018-04-10 23:00:00.041,webhook
Wed Apr 11 2018 03:05:00 GMT+0000 (UTC),safehouse-ap-devices-2018-04-11,1.0,Found 141570 Events,,2018-04-10 23:05:00.024,webhook
Wed Apr 11 2018 03:10:00 GMT+0000 (UTC),safehouse-ap-devices-2018-04-11,1.0,Found 148360 Events,,2018-04-10 23:10:00.031,webhook
Wed Apr 11 2018 03:15:00 GMT+0000 (UTC),safehouse-ap-devices-2018-04-11,1.0,Found 154136 Events,,2018-04-10 23:15:00.044,webhook
Wed Apr 11 2018 03:20:00 GMT+0000 (UTC),safehouse-ap-devices-2018-04-11,1.0,Found 159972 Events,,2018-04-10 23:20:00.032,webhook
Wed Apr 11 2018 03:25:00 GMT+0000 (UTC),safehouse-ap-devices-2018-04-11,1.0,Found 163725 Events,,2018-04-10 23:25:00.033,webhook
Wed Apr 11 2018 03:30:00 GMT+0000 (UTC),safehouse-ap-devices-2018-04-11,1.0,Found 167159 Events,,2018-04-10 23:30:00.043,webhook
Wed Apr 11 2018 03:35:00 GMT+0000 (UTC),safehouse-ap-devices-2018-04-11,1.0,Found 167554 Events,,2018-04-10 23:35:00.044,webhook
Wed Apr 11 2018 03:40:00 GMT+0000 (UTC),safehouse-ap-devices-2018-04-11,1.0,Found 167574 Events,,2018-04-10 23:40:00.027,webhook
Wed Apr 11 2018 03:45:00 GMT+0000 (UTC),safehouse-ap-devices-2018-04-11,1.0,Found 167597 Events,,2018-04-10 23:45:00.019,webhook
Wed Apr 11 2018 03:50:00 GMT+0000 (UTC),safehouse-ap-devices-2018-04-11,1.0,Found 167637 Events,,2018-04-10 23:50:00.015,webhook
Wed Apr 11 2018 03:55:00 GMT+0000 (UTC),safehouse-ap-devices-2018-04-11,1.0,Found 167659 Events,,2018-04-10 23:55:00.087,webhook
Wed Apr 11 2018 04:00:00 GMT+0000 (UTC),safehouse-ap-devices-2018-04-11,1.0,Found 167687 Events,,2018-04-11 00:00:00.021,webhook
Wed Apr 11 2018 04:05:00 GMT+0000 (UTC),safehouse-ap-devices-2018-04-11,1.0,Found 167735 Events,,2018-04-11 00:05:00.034,webhook
Wed Apr 11 2018 04:10:00 GMT+0000 (UTC),safehouse-ap-devices-2018-04-11,1.0,Found 167750 Events,,2018-04-11 00:10:00.034,webhook
Wed Apr 11 2018 04:15:00 GMT+0000 (UTC),safehouse-ap-devices-2018-04-11,1.0,Found 167765 Events,,2018-04-11 00:15:00.044,webhook
Wed Apr 11 2018 04:20:00 GMT+0000 (UTC),safehouse-ap-devices-2018-04-11,1.0,Found 167776 Events,,2018-04-11 00:20:00.024,webhook
Wed Apr 11 2018 04:25:00 GMT+0000 (UTC),safehouse-ap-devices-2018-04-11,1.0,Found 167848 Events,,2018-04-11 00:25:00.050,webhook
Wed Apr 11 2018 04:30:00 GMT+0000 (UTC),safehouse-ap-devices-2018-04-11,1.0,Found 167856 Events,,2018-04-11 00:30:00.042,webhook
Wed Apr 11 2018 04:35:00 GMT+0000 (UTC),safehouse-ap-devices-2018-04-11,1.0,Found 167925 Events,,2018-04-11 00:35:00.082,webhook
Wed Apr 11 2018 04:40:00 GMT+0000 (UTC),safehouse-ap-devices-2018-04-11,1.0,Found 167983 Events,,2018-04-11 00:40:00.039,webhook
Wed Apr 11 2018 04:45:00 GMT+0000 (UTC),safehouse-ap-devices-2018-04-11,1.0,Found 168010 Events,,2018-04-11 00:45:00.014,webhook
Wed Apr 11 2018 04:50:00 GMT+0000 (UTC),safehouse-ap-devices-2018-04-11,1.0,Found 168085 Events,,2018-04-11 00:50:00.038,webhook
Wed Apr 11 2018 04:55:00 GMT+0000 (UTC),safehouse-ap-devices-2018-04-11,1.0,Found 168101 Events,,2018-04-11 00:55:00.016,webhook
Wed Apr 11 2018 05:00:00 GMT+0000 (UTC),safehouse-ap-devices-2018-04-11,1.0,Found 168101 Events,,2018-04-11 01:00:00.020,webhook
Wed Apr 11 2018 05:05:00 GMT+0000 (UTC),safehouse-ap-devices-2018-04-11,1.0,Found 168114 Events,,2018-04-11 01:05:00.020,webhook
Wed Apr 11 2018 05:10:00 GMT+0000 (UTC),safehouse-ap-devices-2018-04-11,1.0,Found 168114 Events,,2018-04-11 01:10:00.035,webhook
Wed Apr 11 2018 05:15:00 GMT+0000 (UTC),safehouse-ap-devices-2018-04-11,1.0,Found 168114 Events,,2018-04-11 01:15:00.036,webhook
Wed Apr 11 2018 05:25:00 GMT+0000 (UTC),safehouse-ap-devices-2018-04-11,1.0,Found 168130 Events,,2018-04-11 01:25:00.016,webhook
Wed Apr 11 2018 05:30:00 GMT+0000 (UTC),safehouse-ap-devices-2018-04-11,1.0,Found 168152 Events,,2018-04-11 01:30:00.037,webhook
Wed Apr 11 2018 05:35:00 GMT+0000 (UTC),safehouse-ap-devices-2018-04-11,1.0,Found 168152 Events,,2018-04-11 01:35:00.037,webhook
Wed Apr 11 2018 05:40:00 GMT+0000 (UTC),safehouse-ap-devices-2018-04-11,1.0,Found 168160 Events,,2018-04-11 01:40:00.035,webhook
Wed Apr 11 2018 05:45:00 GMT+0000 (UTC),safehouse-ap-devices-2018-04-11,1.0,Found 168160 Events,,2018-04-11 01:45:00.049,webhook
Wed Apr 11 2018 05:50:00 GMT+0000 (UTC),safehouse-ap-devices-2018-04-11,1.0,Found 168188 Events,,2018-04-11 01:50:00.032,webhook
Wed Apr 11 2018 05:55:00 GMT+0000 (UTC),safehouse-ap-devices-2018-04-11,1.0,Found 168199 Events,,2018-04-11 01:55:00.040,webhook
Wed Apr 11 2018 06:00:00 GMT+0000 (UTC),safehouse-ap-devices-2018-04-11,1.0,Found 168199 Events,,2018-04-11 02:00:00.036,webhook
Wed Apr 11 2018 06:05:00 GMT+0000 (UTC),safehouse-ap-devices-2018-04-11,1.0,Found 168199 Events,,2018-04-11 02:05:00.032,webhook
Wed Apr 11 2018 06:10:00 GMT+0000 (UTC),safehouse-ap-devices-2018-04-11,1.0,Found 168210 Events,,2018-04-11 02:10:00.046,webhook
Wed Apr 11 2018 06:15:00 GMT+0000 (UTC),safehouse-ap-devices-2018-04-11,1.0,Found 168401 Events,,2018-04-11 02:15:00.049,webhook
Wed Apr 11 2018 06:20:00 GMT+0000 (UTC),safehouse-ap-devices-2018-04-11,1.0,Found 168816 Events,,2018-04-11 02:20:00.031,webhook
Wed Apr 11 2018 06:25:00 GMT+0000 (UTC),safehouse-ap-devices-2018-04-11,1.0,Found 169302 Events,,2018-04-11 02:25:00.016,webhook
Wed Apr 11 2018 06:30:00 GMT+0000 (UTC),safehouse-ap-devices-2018-04-11,1.0,Found 169688 Events,,2018-04-11 02:30:00.035,webhook
Wed Apr 11 2018 06:35:00 GMT+0000 (UTC),safehouse-ap-devices-2018-04-11,1.0,Found 169939 Events,,2018-04-11 02:35:00.022,webhook
Wed Apr 11 2018 06:40:00 GMT+0000 (UTC),safehouse-ap-devices-2018-04-11,1.0,Found 170296 Events,,2018-04-11 02:40:00.037,webhook
Wed Apr 11 2018 06:45:00 GMT+0000 (UTC),safehouse-ap-devices-2018-04-11,1.0,Found 170864 Events,,2018-04-11 02:45:00.040,webhook
Wed Apr 11 2018 06:50:00 GMT+0000 (UTC),safehouse-ap-devices-2018-04-11,1.0,Found 171503 Events,,2018-04-11 02:50:00.027,webhook
Wed Apr 11 2018 06:55:00 GMT+0000 (UTC),safehouse-ap-devices-2018-04-11,1.0,Found 172072 Events,,2018-04-11 02:55:00.021,webhook
Wed Apr 11 2018 07:00:00 GMT+0000 (UTC),safehouse-ap-devices-2018-04-11,1.0,Found 172612 Events,,2018-04-11 03:00:00.039,webhook
Wed Apr 11 2018 07:05:00 GMT+0000 (UTC),safehouse-ap-devices-2018-04-11,1.0,Found 173049 Events,,2018-04-11 03:05:00.022,webhook
Wed Apr 11 2018 07:10:00 GMT+0000 (UTC),safehouse-ap-devices-2018-04-11,1.0,Found 173518 Events,,2018-04-11 03:10:00.028,webhook
Wed Apr 11 2018 07:15:00 GMT+0000 (UTC),safehouse-ap-devices-2018-04-11,1.0,Found 174031 Events,,2018-04-11 03:15:00.015,webhook
Wed Apr 11 2018 07:20:00 GMT+0000 (UTC),safehouse-ap-devices-2018-04-11,1.0,Found 174378 Events,,2018-04-11 03:20:00.044,webhook
Wed Apr 11 2018 07:25:00 GMT+0000 (UTC),safehouse-ap-devices-2018-04-11,1.0,Found 174389 Events,,2018-04-11 03:25:00.027,webhook
Wed Apr 11 2018 07:30:00 GMT+0000 (UTC),safehouse-ap-devices-2018-04-11,1.0,Found 174397 Events,,2018-04-11 03:30:00.041,webhook
Wed Apr 11 2018 07:35:00 GMT+0000 (UTC),safehouse-ap-devices-2018-04-11,1.0,Found 174397 Events,,2018-04-11 03:35:00.041,webhook
Wed Apr 11 2018 07:40:00 GMT+0000 (UTC),safehouse-ap-devices-2018-04-11,1.0,Found 174416 Events,,2018-04-11 03:40:00.022,webhook
Wed Apr 11 2018 07:45:00 GMT+0000 (UTC),safehouse-ap-devices-2018-04-11,1.0,Found 174584 Events,,2018-04-11 03:45:00.044,webhook
Wed Apr 11 2018 07:50:00 GMT+0000 (UTC),safehouse-ap-devices-2018-04-11,1.0,Found 175010 Events,,2018-04-11 03:50:00.020,webhook
Wed Apr 11 2018 07:55:00 GMT+0000 (UTC),safehouse-ap-devices-2018-04-11,1.0,Found 175186 Events,,2018-04-11 03:55:00.020,webhook
Wed Apr 11 2018 08:00:00 GMT+0000 (UTC),safehouse-ap-devices-2018-04-11,1.0,Found 175457 Events,,2018-04-11 04:00:00.023,webhook
Wed Apr 11 2018 08:05:00 GMT+0000 (UTC),safehouse-ap-devices-2018-04-11,1.0,Found 175680 Events,,2018-04-11 04:05:00.032,webhook
Wed Apr 11 2018 08:10:00 GMT+0000 (UTC),safehouse-ap-devices-2018-04-11,1.0,Found 176116 Events,,2018-04-11 04:10:00.044,webhook
Wed Apr 11 2018 08:15:00 GMT+0000 (UTC),safehouse-ap-devices-2018-04-11,1.0,Found 176749 Events,,2018-04-11 04:15:00.045,webhook
Wed Apr 11 2018 08:20:00 GMT+0000 (UTC),safehouse-ap-devices-2018-04-11,1.0,Found 177303 Events,,2018-04-11 04:20:00.018,webhook
Wed Apr 11 2018 08:25:00 GMT+0000 (UTC),safehouse-ap-devices-2018-04-11,1.0,Found 177584 Events,,2018-04-11 04:25:00.029,webhook
Wed Apr 11 2018 08:30:00 GMT+0000 (UTC),safehouse-ap-devices-2018-04-11,1.0,Found 178008 Events,,2018-04-11 04:30:00.055,webhook
Wed Apr 11 2018 08:35:00 GMT+0000 (UTC),safehouse-ap-devices-2018-04-11,1.0,Found 178480 Events,,2018-04-11 04:35:00.020,webhook
Wed Apr 11 2018 08:40:00 GMT+0000 (UTC),safehouse-ap-devices-2018-04-11,1.0,Found 178880 Events,,2018-04-11 04:40:00.015,webhook
Wed Apr 11 2018 08:45:00 GMT+0000 (UTC),safehouse-ap-devices-2018-04-11,1.0,Found 179165 Events,,2018-04-11 04:45:00.016,webhook
Wed Apr 11 2018 08:50:00 GMT+0000 (UTC),safehouse-ap-devices-2018-04-11,1.0,Found 179647 Events,,2018-04-11 04:50:00.013,webhook
Wed Apr 11 2018 08:55:00 GMT+0000 (UTC),safehouse-ap-devices-2018-04-11,1.0,Found 179979 Events,,2018-04-11 04:55:00.026,webhook
Wed Apr 11 2018 09:00:00 GMT+0000 (UTC),safehouse-ap-devices-2018-04-11,1.0,Found 180404 Events,,2018-04-11 05:00:00.053,webhook
Wed Apr 11 2018 09:05:00 GMT+0000 (UTC),safehouse-ap-devices-2018-04-11,1.0,Found 180567 Events,,2018-04-11 05:05:00.060,webhook
Wed Apr 11 2018 09:10:00 GMT+0000 (UTC),safehouse-ap-devices-2018-04-11,1.0,Found 180571 Events,,2018-04-11 05:10:00.019,webhook
Wed Apr 11 2018 09:15:00 GMT+0000 (UTC),safehouse-ap-devices-2018-04-11,1.0,Found 180805 Events,,2018-04-11 05:15:00.039,webhook
Wed Apr 11 2018 09:20:00 GMT+0000 (UTC),safehouse-ap-devices-2018-04-11,1.0,Found 181185 Events,,2018-04-11 05:20:00.020,webhook
Wed Apr 11 2018 09:25:00 GMT+0000 (UTC),safehouse-ap-devices-2018-04-11,1.0,Found 181284 Events,,2018-04-11 05:25:00.025,webhook
Wed Apr 11 2018 09:30:00 GMT+0000 (UTC),safehouse-ap-devices-2018-04-11,1.0,Found 181284 Events,,2018-04-11 05:30:00.020,webhook
Wed Apr 11 2018 09:35:00 GMT+0000 (UTC),safehouse-ap-devices-2018-04-11,1.0,Found 181295 Events,,2018-04-11 05:35:00.017,webhook
Wed Apr 11 2018 09:40:00 GMT+0000 (UTC),safehouse-ap-devices-2018-04-11,1.0,Found 181303 Events,,2018-04-11 05:40:00.026,webhook
Wed Apr 11 2018 09:45:00 GMT+0000 (UTC),safehouse-ap-devices-2018-04-11,1.0,Found 181322 Events,,2018-04-11 05:45:00.025,webhook
Wed Apr 11 2018 09:50:00 GMT+0000 (UTC),safehouse-ap-devices-2018-04-11,1.0,Found 181355 Events,,2018-04-11 05:50:00.027,webhook
Wed Apr 11 2018 09:55:00 GMT+0000 (UTC),safehouse-ap-devices-2018-04-11,1.0,Found 181367 Events,,2018-04-11 05:55:00.015,webhook
Wed Apr 11 2018 10:00:00 GMT+0000 (UTC),safehouse-ap-devices-2018-04-11,1.0,Found 181375 Events,,2018-04-11 06:00:00.026,webhook
Wed Apr 11 2018 10:05:00 GMT+0000 (UTC),safehouse-ap-devices-2018-04-11,1.0,Found 181386 Events,,2018-04-11 06:05:00.015,webhook
Wed Apr 11 2018 10:10:00 GMT+0000 (UTC),safehouse-ap-devices-2018-04-11,1.0,Found 181405 Events,,2018-04-11 06:10:00.022,webhook
Wed Apr 11 2018 10:15:00 GMT+0000 (UTC),safehouse-ap-devices-2018-04-11,1.0,Found 181424 Events,,2018-04-11 06:15:00.040,webhook
Wed Apr 11 2018 10:20:00 GMT+0000 (UTC),safehouse-ap-devices-2018-04-11,1.0,Found 181436 Events,,2018-04-11 06:20:00.014,webhook
Wed Apr 11 2018 10:25:00 GMT+0000 (UTC),safehouse-ap-devices-2018-04-11,1.0,Found 181459 Events,,2018-04-11 06:25:00.022,webhook
Wed Apr 11 2018 10:30:00 GMT+0000 (UTC),safehouse-ap-devices-2018-04-11,1.0,Found 181503 Events,,2018-04-11 06:30:00.026,webhook
Wed Apr 11 2018 10:35:00 GMT+0000 (UTC),safehouse-ap-devices-2018-04-11,1.0,Found 181503 Events,,2018-04-11 06:35:00.020,webhook
Wed Apr 11 2018 10:40:00 GMT+0000 (UTC),safehouse-ap-devices-2018-04-11,1.0,Found 181514 Events,,2018-04-11 06:40:00.028,webhook
Wed Apr 11 2018 10:45:00 GMT+0000 (UTC),safehouse-ap-devices-2018-04-11,1.0,Found 181844 Events,,2018-04-11 06:45:00.037,webhook
Wed Apr 11 2018 10:50:00 GMT+0000 (UTC),safehouse-ap-devices-2018-04-11,1.0,Found 182246 Events,,2018-04-11 06:50:00.019,webhook
Wed Apr 11 2018 10:55:00 GMT+0000 (UTC),safehouse-ap-devices-2018-04-11,1.0,Found 182778 Events,,2018-04-11 06:55:00.021,webhook
Wed Apr 11 2018 11:00:00 GMT+0000 (UTC),safehouse-ap-devices-2018-04-11,1.0,Found 183563 Events,,2018-04-11 07:00:00.032,webhook
Wed Apr 11 2018 11:05:00 GMT+0000 (UTC),safehouse-ap-devices-2018-04-11,1.0,Found 184241 Events,,2018-04-11 07:05:00.015,webhook
Wed Apr 11 2018 11:10:00 GMT+0000 (UTC),safehouse-ap-devices-2018-04-11,1.0,Found 184762 Events,,2018-04-11 07:10:00.020,webhook
Wed Apr 11 2018 11:15:00 GMT+0000 (UTC),safehouse-ap-devices-2018-04-11,1.0,Found 185595 Events,,2018-04-11 07:15:00.013,webhook
Wed Apr 11 2018 11:20:00 GMT+0000 (UTC),safehouse-ap-devices-2018-04-11,1.0,Found 186405 Events,,2018-04-11 07:20:00.014,webhook
Wed Apr 11 2018 11:25:00 GMT+0000 (UTC),safehouse-ap-devices-2018-04-11,1.0,Found 186992 Events,,2018-04-11 07:25:00.031,webhook
Wed Apr 11 2018 11:30:00 GMT+0000 (UTC),safehouse-ap-devices-2018-04-11,1.0,Found 187257 Events,,2018-04-11 07:30:00.045,webhook
Wed Apr 11 2018 11:35:00 GMT+0000 (UTC),safehouse-ap-devices-2018-04-11,1.0,Found 187496 Events,,2018-04-11 07:35:00.024,webhook
Wed Apr 11 2018 11:40:00 GMT+0000 (UTC),safehouse-ap-devices-2018-04-11,1.0,Found 187787 Events,,2018-04-11 07:40:00.014,webhook
Wed Apr 11 2018 11:45:00 GMT+0000 (UTC),safehouse-ap-devices-2018-04-11,1.0,Found 188028 Events,,2018-04-11 07:45:00.022,webhook
Wed Apr 11 2018 11:50:00 GMT+0000 (UTC),safehouse-ap-devices-2018-04-11,1.0,Found 188366 Events,,2018-04-11 07:50:00.022,webhook
Wed Apr 11 2018 11:55:00 GMT+0000 (UTC),safehouse-ap-devices-2018-04-11,1.0,Found 188662 Events,,2018-04-11 07:55:00.019,webhook
Wed Apr 11 2018 12:00:00 GMT+0000 (UTC),safehouse-ap-devices-2018-04-11,1.0,Found 188909 Events,,2018-04-11 08:00:00.013,webhook
Wed Apr 11 2018 12:05:00 GMT+0000 (UTC),safehouse-ap-devices-2018-04-11,1.0,Found 189114 Events,,2018-04-11 08:05:00.021,webhook
Wed Apr 11 2018 12:10:00 GMT+0000 (UTC),safehouse-ap-devices-2018-04-11,1.0,Found 189455 Events,,2018-04-11 08:10:00.025,webhook
Wed Apr 11 2018 12:15:00 GMT+0000 (UTC),safehouse-ap-devices-2018-04-11,1.0,Found 189744 Events,,2018-04-11 08:15:00.024,webhook
Wed Apr 11 2018 12:20:00 GMT+0000 (UTC),safehouse-ap-devices-2018-04-11,1.0,Found 190018 Events,,2018-04-11 08:20:00.017,webhook
Wed Apr 11 2018 12:25:00 GMT+0000 (UTC),safehouse-ap-devices-2018-04-11,1.0,Found 190156 Events,,2018-04-11 08:25:00.044,webhook
Wed Apr 11 2018 12:30:00 GMT+0000 (UTC),safehouse-ap-devices-2018-04-11,1.0,Found 190408 Events,,2018-04-11 08:30:00.022,webhook
Wed Apr 11 2018 12:35:00 GMT+0000 (UTC),safehouse-ap-devices-2018-04-11,1.0,Found 190655 Events,,2018-04-11 08:35:00.018,webhook
Wed Apr 11 2018 12:40:00 GMT+0000 (UTC),safehouse-ap-devices-2018-04-11,1.0,Found 190862 Events,,2018-04-11 08:40:00.020,webhook
Wed Apr 11 2018 12:45:00 GMT+0000 (UTC),safehouse-ap-devices-2018-04-11,1.0,Found 191060 Events,,2018-04-11 08:45:00.014,webhook
Wed Apr 11 2018 12:50:00 GMT+0000 (UTC),safehouse-ap-devices-2018-04-11,1.0,Found 191309 Events,,2018-04-11 08:50:00.021,webhook
Wed Apr 11 2018 12:55:00 GMT+0000 (UTC),safehouse-ap-devices-2018-04-11,1.0,Found 191554 Events,,2018-04-11 08:55:00.023,webhook
Wed Apr 11 2018 13:00:00 GMT+0000 (UTC),safehouse-ap-devices-2018-04-11,1.0,Found 191796 Events,,2018-04-11 09:00:00.024,webhook
Wed Apr 11 2018 13:05:00 GMT+0000 (UTC),safehouse-ap-devices-2018-04-11,1.0,Found 192361 Events,,2018-04-11 09:05:00.039,webhook
Wed Apr 11 2018 13:10:00 GMT+0000 (UTC),safehouse-ap-devices-2018-04-11,1.0,Found 193293 Events,,2018-04-11 09:10:00.021,webhook
Wed Apr 11 2018 13:15:00 GMT+0000 (UTC),safehouse-ap-devices-2018-04-11,1.0,Found 194023 Events,,2018-04-11 09:15:00.024,webhook
Wed Apr 11 2018 13:20:00 GMT+0000 (UTC),safehouse-ap-devices-2018-04-11,1.0,Found 194756 Events,,2018-04-11 09:20:00.045,webhook
Wed Apr 11 2018 13:25:00 GMT+0000 (UTC),safehouse-ap-devices-2018-04-11,1.0,Found 195160 Events,,2018-04-11 09:25:00.014,webhook
Wed Apr 11 2018 13:30:00 GMT+0000 (UTC),safehouse-ap-devices-2018-04-11,1.0,Found 196892 Events,,2018-04-11 09:30:00.024,webhook
Wed Apr 11 2018 13:35:00 GMT+0000 (UTC),safehouse-ap-devices-2018-04-11,1.0,Found 198641 Events,,2018-04-11 09:35:00.016,webhook
Wed Apr 11 2018 13:40:00 GMT+0000 (UTC),safehouse-ap-devices-2018-04-11,1.0,Found 200202 Events,,2018-04-11 09:40:00.025,webhook
Wed Apr 11 2018 13:45:00 GMT+0000 (UTC),safehouse-ap-devices-2018-04-11,1.0,Found 200559 Events,,2018-04-11 09:45:00.019,webhook
Wed Apr 11 2018 13:50:00 GMT+0000 (UTC),safehouse-ap-devices-2018-04-11,1.0,Found 200861 Events,,2018-04-11 09:50:00.044,webhook
Wed Apr 11 2018 13:55:00 GMT+0000 (UTC),safehouse-ap-devices-2018-04-11,1.0,Found 201732 Events,,2018-04-11 09:55:00.016,webhook
Wed Apr 11 2018 14:00:00 GMT+0000 (UTC),safehouse-ap-devices-2018-04-11,1.0,Found 202863 Events,,2018-04-11 10:00:00.027,webhook
Wed Apr 11 2018 14:05:00 GMT+0000 (UTC),safehouse-ap-devices-2018-04-11,1.0,Found 204955 Events,,2018-04-11 10:05:00.032,webhook
Wed Apr 11 2018 14:10:00 GMT+0000 (UTC),safehouse-ap-devices-2018-04-11,1.0,Found 205169 Events,,2018-04-11 10:10:00.024,webhook
Wed Apr 11 2018 14:15:00 GMT+0000 (UTC),safehouse-ap-devices-2018-04-11,1.0,Found 205262 Events,,2018-04-11 10:15:00.012,webhook
Wed Apr 11 2018 14:20:00 GMT+0000 (UTC),safehouse-ap-devices-2018-04-11,1.0,Found 205317 Events,,2018-04-11 10:20:00.027,webhook
Wed Apr 11 2018 14:25:00 GMT+0000 (UTC),safehouse-ap-devices-2018-04-11,1.0,Found 205600 Events,,2018-04-11 10:25:00.024,webhook
Wed Apr 11 2018 14:30:00 GMT+0000 (UTC),safehouse-ap-devices-2018-04-11,1.0,Found 206288 Events,,2018-04-11 10:30:00.045,webhook
Wed Apr 11 2018 14:35:00 GMT+0000 (UTC),safehouse-ap-devices-2018-04-11,1.0,Found 207019 Events,,2018-04-11 10:35:00.024,webhook
Wed Apr 11 2018 14:40:00 GMT+0000 (UTC),safehouse-ap-devices-2018-04-11,1.0,Found 207785 Events,,2018-04-11 10:40:00.017,webhook
Wed Apr 11 2018 14:45:00 GMT+0000 (UTC),safehouse-ap-devices-2018-04-11,1.0,Found 208411 Events,,2018-04-11 10:45:00.026,webhook
Wed Apr 11 2018 14:50:00 GMT+0000 (UTC),safehouse-ap-devices-2018-04-11,1.0,Found 208816 Events,,2018-04-11 10:50:00.024,webhook
Wed Apr 11 2018 14:55:00 GMT+0000 (UTC),safehouse-ap-devices-2018-04-11,1.0,Found 209333 Events,,2018-04-11 10:55:00.025,webhook
Wed Apr 11 2018 15:00:00 GMT+0000 (UTC),safehouse-ap-devices-2018-04-11,1.0,Found 209779 Events,,2018-04-11 11:00:00.018,webhook
Wed Apr 11 2018 15:05:00 GMT+0000 (UTC),safehouse-ap-devices-2018-04-11,1.0,Found 209951 Events,,2018-04-11 11:05:00.020,webhook
Wed Apr 11 2018 15:10:00 GMT+0000 (UTC),safehouse-ap-devices-2018-04-11,1.0,Found 210000 Events,,2018-04-11 11:10:00.019,webhook
Wed Apr 11 2018 15:15:00 GMT+0000 (UTC),safehouse-ap-devices-2018-04-11,1.0,Found 210035 Events,,2018-04-11 11:15:00.022,webhook
Wed Apr 11 2018 15:20:00 GMT+0000 (UTC),safehouse-ap-devices-2018-04-11,1.0,Found 210036 Events,,2018-04-11 11:20:00.021,webhook
Wed Apr 11 2018 15:25:00 GMT+0000 (UTC),safehouse-ap-devices-2018-04-11,1.0,Found 210135 Events,,2018-04-11 11:25:00.023,webhook
Wed Apr 11 2018 15:30:00 GMT+0000 (UTC),safehouse-ap-devices-2018-04-11,1.0,Found 210173 Events,,2018-04-11 11:30:00.110,webhook
Wed Apr 11 2018 15:33:46 GMT+0000 (UTC),safehouse-ap-devices-2018-04-11,1.0,Found 210198 Events,,2018-04-11 11:33:46.491,webhook
Wed Apr 11 2018 15:35:00 GMT+0000 (UTC),safehouse-ap-devices-2018-04-11,1.0,Found 210198 Events,,2018-04-11 11:35:00.056,webhook
Wed Apr 11 2018 15:40:00 GMT+0000 (UTC),safehouse-ap-devices-2018-04-11,1.0,Found 210218 Events,,2018-04-11 11:40:00.087,webhook
Wed Apr 11 2018 15:45:00 GMT+0000 (UTC),safehouse-ap-devices-2018-04-11,1.0,Found 210354 Events,,2018-04-11 11:45:00.142,webhook
Wed Apr 11 2018 15:50:00 GMT+0000 (UTC),safehouse-ap-devices-2018-04-11,1.0,Found 210774 Events,,2018-04-11 11:50:00.083,webhook
Wed Apr 11 2018 15:55:00 GMT+0000 (UTC),safehouse-ap-devices-2018-04-11,1.0,Found 211408 Events,,2018-04-11 11:55:00.060,webhook
Wed Apr 11 2018 16:00:00 GMT+0000 (UTC),safehouse-ap-devices-2018-04-11,1.0,Found 212366 Events,,2018-04-11 12:00:00.040,webhook
Wed Apr 11 2018 16:05:00 GMT+0000 (UTC),safehouse-ap-devices-2018-04-11,1.0,Found 212649 Events,,2018-04-11 12:05:00.038,webhook
Wed Apr 11 2018 16:10:00 GMT+0000 (UTC),safehouse-ap-devices-2018-04-11,1.0,Found 212743 Events,,2018-04-11 12:10:00.020,webhook
Wed Apr 11 2018 16:15:00 GMT+0000 (UTC),safehouse-ap-devices-2018-04-11,1.0,Found 212859 Events,,2018-04-11 12:15:00.033,webhook
Wed Apr 11 2018 16:20:00 GMT+0000 (UTC),safehouse-ap-devices-2018-04-11,1.0,Found 212992 Events,,2018-04-11 12:20:00.024,webhook
Wed Apr 11 2018 16:25:00 GMT+0000 (UTC),safehouse-ap-devices-2018-04-11,1.0,Found 213069 Events,,2018-04-11 12:25:00.026,webhook
Wed Apr 11 2018 16:30:00 GMT+0000 (UTC),safehouse-ap-devices-2018-04-11,1.0,Found 213080 Events,,2018-04-11 12:30:00.084,webhook
Wed Apr 11 2018 16:35:00 GMT+0000 (UTC),safehouse-ap-devices-2018-04-11,1.0,Found 213108 Events,,2018-04-11 12:35:00.084,webhook
Wed Apr 11 2018 16:40:00 GMT+0000 (UTC),safehouse-ap-devices-2018-04-11,1.0,Found 213811 Events,,2018-04-11 12:40:00.023,webhook
Wed Apr 11 2018 16:45:00 GMT+0000 (UTC),safehouse-ap-devices-2018-04-11,1.0,Found 214924 Events,,2018-04-11 12:45:00.030,webhook
Wed Apr 11 2018 16:50:00 GMT+0000 (UTC),safehouse-ap-devices-2018-04-11,1.0,Found 216258 Events,,2018-04-11 12:50:00.053,webhook
Wed Apr 11 2018 16:55:00 GMT+0000 (UTC),safehouse-ap-devices-2018-04-11,1.0,Found 216748 Events,,2018-04-11 12:55:00.038,webhook
Wed Apr 11 2018 17:00:00 GMT+0000 (UTC),safehouse-ap-devices-2018-04-11,1.0,Found 217147 Events,,2018-04-11 13:00:00.023,webhook
Wed Apr 11 2018 17:05:00 GMT+0000 (UTC),safehouse-ap-devices-2018-04-11,1.0,Found 218421 Events,,2018-04-11 13:05:00.024,webhook
Wed Apr 11 2018 17:10:00 GMT+0000 (UTC),safehouse-ap-devices-2018-04-11,1.0,Found 219676 Events,,2018-04-11 13:10:00.019,webhook
Wed Apr 11 2018 17:20:00 GMT+0000 (UTC),safehouse-ap-devices-2018-04-11,1.0,Found 221951 Events,,2018-04-11 13:20:00.012,webhook
Wed Apr 11 2018 17:25:00 GMT+0000 (UTC),safehouse-ap-devices-2018-04-11,1.0,Found 223309 Events,,2018-04-11 13:25:00.017,webhook
Wed Apr 11 2018 17:30:00 GMT+0000 (UTC),safehouse-ap-devices-2018-04-11,1.0,Found 223844 Events,,2018-04-11 13:30:00.057,webhook
Wed Apr 11 2018 17:50:00 GMT+0000 (UTC),safehouse-ap-devices-2018-04-11,1.0,Found 225545 Events,,2018-04-11 13:50:00.946,webhook
Wed Apr 11 2018 17:55:00 GMT+0000 (UTC),safehouse-ap-devices-2018-04-11,1.0,Found 227258 Events,,2018-04-11 13:55:00.035,webhook
Wed Apr 11 2018 18:00:00 GMT+0000 (UTC),safehouse-ap-devices-2018-04-11,1.0,Found 227822 Events,,2018-04-11 14:00:00.039,webhook
Wed Apr 11 2018 18:05:00 GMT+0000 (UTC),safehouse-ap-devices-2018-04-11,1.0,Found 227846 Events,,2018-04-11 14:05:00.058,webhook
Wed Apr 11 2018 18:10:00 GMT+0000 (UTC),safehouse-ap-devices-2018-04-11,1.0,Found 227869 Events,,2018-04-11 14:10:00.054,webhook
Wed Apr 11 2018 18:15:00 GMT+0000 (UTC),safehouse-ap-devices-2018-04-11,1.0,Found 227897 Events,,2018-04-11 14:15:00.043,webhook
Wed Apr 11 2018 18:20:00 GMT+0000 (UTC),safehouse-ap-devices-2018-04-11,1.0,Found 227944 Events,,2018-04-11 14:20:00.020,webhook
Wed Apr 11 2018 18:25:00 GMT+0000 (UTC),safehouse-ap-devices-2018-04-11,1.0,Found 228047 Events,,2018-04-11 14:25:00.022,webhook
Wed Apr 11 2018 18:27:18 GMT+0000 (UTC),safehouse-ap-devices-2018-04-11,1.0,Found 228055 Events,,2018-04-11 14:27:18.481,webhook
Wed Apr 11 2018 18:30:20 GMT+0000 (UTC),safehouse-ap-devices-2018-04-11,1.0,Found 228082 Events,,2018-04-11 14:30:20.093,webhook
Wed Apr 11 2018 19:15:06 GMT+0000 (UTC),safehouse-ap-devices-2018-04-11,1.0,Found 239921 Events,,2018-04-11 15:15:06.525,webhook
Wed Apr 11 2018 19:15:31 GMT+0000 (UTC),safehouse-ap-devices-2018-04-11,1.0,Found 240050 Events,,2018-04-11 15:15:31.502,webhook
Mon Apr 16 2018 19:04:00 GMT+0000 (UTC),safehouse-ap-devices-2018-04-16,1.0,Found 21 Events,21,2018-04-16 15:04:00.018,webhook
Mon Apr 16 2018 19:04:05 GMT+0000 (UTC),safehouse-ap-devices-2018-04-16,1.0,Found 21 Events,21,2018-04-16 15:04:05.017,webhook
Mon Apr 16 2018 19:04:10 GMT+0000 (UTC),safehouse-ap-devices-2018-04-16,1.0,Found 21 Events,21,2018-04-16 15:04:10.018,webhook
Mon Apr 16 2018 19:04:15 GMT+0000 (UTC),safehouse-ap-devices-2018-04-16,1.0,Found 21 Events,21,2018-04-16 15:04:15.023,webhook
Mon Apr 16 2018 19:04:20 GMT+0000 (UTC),safehouse-ap-devices-2018-04-16,1.0,Found 21 Events,21,2018-04-16 15:04:20.024,webhook
Mon Apr 16 2018 19:04:25 GMT+0000 (UTC),safehouse-ap-devices-2018-04-16,1.0,Found 21 Events,21,2018-04-16 15:04:25.042,webhook
Mon Apr 16 2018 19:04:30 GMT+0000 (UTC),safehouse-ap-devices-2018-04-16,1.0,Found 21 Events,21,2018-04-16 15:04:30.014,webhook
Mon Apr 16 2018 19:04:35 GMT+0000 (UTC),safehouse-ap-devices-2018-04-16,1.0,Found 21 Events,21,2018-04-16 15:04:35.040,webhook
Mon Apr 16 2018 19:04:40 GMT+0000 (UTC),safehouse-ap-devices-2018-04-16,1.0,Found 21 Events,21,2018-04-16 15:04:40.027,webhook
Mon Apr 16 2018 19:04:45 GMT+0000 (UTC),safehouse-ap-devices-2018-04-16,1.0,Found 21 Events,21,2018-04-16 15:04:45.027,webhook
Mon Apr 16 2018 19:04:50 GMT+0000 (UTC),safehouse-ap-devices-2018-04-16,1.0,Found 21 Events,21,2018-04-16 15:04:50.028,webhook
Mon Apr 16 2018 19:04:55 GMT+0000 (UTC),safehouse-ap-devices-2018-04-16,1.0,Found 21 Events,21,2018-04-16 15:04:55.033,webhook
Mon Apr 16 2018 19:38:40 GMT+0000 (UTC),safehouse-ap-devices-2018-04-16,1.0,Found 1 Events,1,2018-04-16 15:38:40.163,webhook
Mon Apr 16 2018 19:39:35 GMT+0000 (UTC),safehouse-ap-devices-2018-04-16,1.0,Found 1 Events,1,2018-04-16 15:39:35.160,webhook
Mon Apr 16 2018 19:43:35 GMT+0000 (UTC),safehouse-ap-devices-2018-04-16,1.0,Found 1 Events,1,2018-04-16 15:43:35.175,webhook
Mon Apr 16 2018 19:51:25 GMT+0000 (UTC),safehouse-ap-devices-2018-04-16,1.0,Found 1 Events,1,2018-04-16 15:51:25.258,webhook
Mon Apr 16 2018 19:51:30 GMT+0000 (UTC),safehouse-ap-devices-2018-04-16,1.0,Found 1 Events,1,2018-04-16 15:51:30.258,webhook
Mon Apr 16 2018 19:51:50 GMT+0000 (UTC),safehouse-ap-devices-2018-04-16,1.0,Found 1 Events,1,2018-04-16 15:51:50.285,webhook
Mon Apr 16 2018 19:56:15 GMT+0000 (UTC),safehouse-ap-devices-2018-04-16,1.0,Found 1 Events,1,2018-04-16 15:56:15.233,webhook
Mon Apr 16 2018 19:56:20 GMT+0000 (UTC),safehouse-ap-devices-2018-04-16,1.0,Found 1 Events,1,2018-04-16 15:56:20.221,webhook
Mon Apr 16 2018 19:58:10 GMT+0000 (UTC),safehouse-ap-devices-2018-04-16,1.0,Found 1 Events,1,2018-04-16 15:58:10.210,webhook
Mon Apr 16 2018 19:58:15 GMT+0000 (UTC),safehouse-ap-devices-2018-04-16,1.0,Found 1 Events,1,2018-04-16 15:58:15.229,webhook
Mon Apr 16 2018 19:59:30 GMT+0000 (UTC),safehouse-ap-devices-2018-04-16,1.0,Found 1 Events,1,2018-04-16 15:59:30.215,webhook
Mon Apr 16 2018 21:02:05 GMT+0000 (UTC),safehouse-ap-devices-2018-04-16,1.0,Found 1 Events,1,2018-04-16 17:02:05.557,webhook
Mon Apr 16 2018 21:02:10 GMT+0000 (UTC),safehouse-ap-devices-2018-04-16,1.0,Found 1 Events,1,2018-04-16 17:02:10.524,webhook
Mon Apr 16 2018 21:02:15 GMT+0000 (UTC),safehouse-ap-devices-2018-04-16,1.0,Found 1 Events,1,2018-04-16 17:02:15.527,webhook
Mon Apr 16 2018 21:02:20 GMT+0000 (UTC),safehouse-ap-devices-2018-04-16,1.0,Found 1 Events,1,2018-04-16 17:02:20.526,webhook
Mon Apr 16 2018 21:43:40 GMT+0000 (UTC),safehouse-ap-devices-2018-04-16,1.0,Found 1 Events,1,2018-04-16 17:43:40.691,webhook
Mon Apr 16 2018 21:43:45 GMT+0000 (UTC),safehouse-ap-devices-2018-04-16,1.0,Found 1 Events,1,2018-04-16 17:43:45.708,webhook
Tue Apr 17 2018 03:43:35 GMT+0000 (UTC),safehouse-ap-devices-2018-04-17,1.0,Found 1 Events,1,2018-04-16 23:43:35.208,webhook
Tue Apr 17 2018 03:43:40 GMT+0000 (UTC),safehouse-ap-devices-2018-04-17,1.0,Found 1 Events,1,2018-04-16 23:43:40.200,webhook
Tue Apr 17 2018 03:43:45 GMT+0000 (UTC),safehouse-ap-devices-2018-04-17,1.0,Found 1 Events,1,2018-04-16 23:43:45.220,webhook
Tue Apr 17 2018 08:43:40 GMT+0000 (UTC),safehouse-ap-devices-2018-04-17,1.0,Found 1 Events,1,2018-04-17 04:43:40.507,webhook
Tue Apr 17 2018 08:43:45 GMT+0000 (UTC),safehouse-ap-devices-2018-04-17,1.0,Found 1 Events,1,2018-04-17 04:43:45.530,webhook
Tue Apr 17 2018 09:43:40 GMT+0000 (UTC),safehouse-ap-devices-2018-04-17,1.0,Found 1 Events,1,2018-04-17 05:43:40.792,webhook
Tue Apr 17 2018 09:43:45 GMT+0000 (UTC),safehouse-ap-devices-2018-04-17,1.0,Found 1 Events,1,2018-04-17 05:43:45.802,webhook
Tue Apr 17 2018 12:07:35 GMT+0000 (UTC),safehouse-ap-devices-2018-04-17,1.0,Found 1 Events,1,2018-04-17 08:07:35.295,webhook
Tue Apr 17 2018 12:07:40 GMT+0000 (UTC),safehouse-ap-devices-2018-04-17,1.0,Found 1 Events,1,2018-04-17 08:07:40.335,webhook
Tue Apr 17 2018 13:27:40 GMT+0000 (UTC),safehouse-ap-devices-2018-04-17,1.0,Found 1 Events,1,2018-04-17 09:27:40.582,webhook
Tue Apr 17 2018 13:27:45 GMT+0000 (UTC),safehouse-ap-devices-2018-04-17,1.0,Found 1 Events,1,2018-04-17 09:27:45.587,webhook
Tue Apr 17 2018 13:27:50 GMT+0000 (UTC),safehouse-ap-devices-2018-04-17,1.0,Found 1 Events,1,2018-04-17 09:27:50.598,webhook
Tue Apr 17 2018 13:28:45 GMT+0000 (UTC),safehouse-ap-devices-2018-04-17,1.0,Found 1 Events,1,2018-04-17 09:28:45.607,webhook
Tue Apr 17 2018 13:28:50 GMT+0000 (UTC),safehouse-ap-devices-2018-04-17,1.0,Found 1 Events,1,2018-04-17 09:28:50.595,webhook
Tue Apr 17 2018 13:29:30 GMT+0000 (UTC),safehouse-ap-devices-2018-04-17,1.0,Found 1 Events,1,2018-04-17 09:29:30.581,webhook
Tue Apr 17 2018 13:30:05 GMT+0000 (UTC),safehouse-ap-devices-2018-04-17,1.0,Found 1 Events,1,2018-04-17 09:30:05.597,webhook
Tue Apr 17 2018 13:30:10 GMT+0000 (UTC),safehouse-ap-devices-2018-04-17,1.0,Found 1 Events,1,2018-04-17 09:30:10.593,webhook
Tue Apr 17 2018 13:35:15 GMT+0000 (UTC),safehouse-ap-devices-2018-04-17,1.0,Found 1 Events,1,2018-04-17 09:35:15.700,webhook
Tue Apr 17 2018 13:35:20 GMT+0000 (UTC),safehouse-ap-devices-2018-04-17,1.0,Found 1 Events,1,2018-04-17 09:35:20.719,webhook
Tue Apr 17 2018 13:43:40 GMT+0000 (UTC),safehouse-ap-devices-2018-04-17,1.0,Found 1 Events,1,2018-04-17 09:43:40.668,webhook
Tue Apr 17 2018 13:43:45 GMT+0000 (UTC),safehouse-ap-devices-2018-04-17,1.0,Found 1 Events,1,2018-04-17 09:43:45.651,webhook
Tue Apr 17 2018 14:04:30 GMT+0000 (UTC),safehouse-ap-devices-2018-04-17,1.0,Found 1 Events,1,2018-04-17 10:04:30.740,webhook
Tue Apr 17 2018 15:34:30 GMT+0000 (UTC),safehouse-ap-devices-2018-04-17,1.0,Found 1 Events,1,2018-04-17 11:34:30.061,webhook
Tue Apr 17 2018 15:34:35 GMT+0000 (UTC),safehouse-ap-devices-2018-04-17,1.0,Found 1 Events,1,2018-04-17 11:34:35.075,webhook
Tue Apr 17 2018 15:39:00 GMT+0000 (UTC),safehouse-ap-devices-2018-04-17,1.0,Found 1 Events,1,2018-04-17 11:39:00.078,webhook
Tue Apr 17 2018 15:42:00 GMT+0000 (UTC),safehouse-ap-devices-2018-04-17,1.0,Found 1 Events,1,2018-04-17 11:42:00.092,webhook
Tue Apr 17 2018 15:42:05 GMT+0000 (UTC),safehouse-ap-devices-2018-04-17,1.0,Found 1 Events,1,2018-04-17 11:42:05.060,webhook
Tue Apr 17 2018 15:43:40 GMT+0000 (UTC),safehouse-ap-devices-2018-04-17,1.0,Found 1 Events,1,2018-04-17 11:43:40.071,webhook
Tue Apr 17 2018 15:43:45 GMT+0000 (UTC),safehouse-ap-devices-2018-04-17,1.0,Found 1 Events,1,2018-04-17 11:43:45.088,webhook
Tue Apr 17 2018 15:49:45 GMT+0000 (UTC),safehouse-ap-devices-2018-04-17,1.0,Found 1 Events,1,2018-04-17 11:49:45.084,webhook
Tue Apr 17 2018 15:49:50 GMT+0000 (UTC),safehouse-ap-devices-2018-04-17,1.0,Found 2 Events,2,2018-04-17 11:49:50.101,webhook
Tue Apr 17 2018 15:54:20 GMT+0000 (UTC),safehouse-ap-devices-2018-04-17,1.0,Found 1 Events,1,2018-04-17 11:54:20.100,webhook
Tue Apr 17 2018 15:54:30 GMT+0000 (UTC),safehouse-ap-devices-2018-04-17,1.0,Found 1 Events,1,2018-04-17 11:54:30.091,webhook
Tue Apr 17 2018 15:55:35 GMT+0000 (UTC),safehouse-ap-devices-2018-04-17,1.0,Found 1 Events,1,2018-04-17 11:55:35.118,webhook
Tue Apr 17 2018 15:55:40 GMT+0000 (UTC),safehouse-ap-devices-2018-04-17,1.0,Found 1 Events,1,2018-04-17 11:55:40.112,webhook
Tue Apr 17 2018 16:13:40 GMT+0000 (UTC),safehouse-ap-devices-2018-04-17,1.0,Found 1 Events,1,2018-04-17 12:13:40.134,webhook
Tue Apr 17 2018 16:13:45 GMT+0000 (UTC),safehouse-ap-devices-2018-04-17,1.0,Found 1 Events,1,2018-04-17 12:13:45.164,webhook
Tue Apr 17 2018 16:38:10 GMT+0000 (UTC),safehouse-ap-devices-2018-04-17,1.0,Found 1 Events,1,2018-04-17 12:38:10.225,webhook
Tue Apr 17 2018 16:38:15 GMT+0000 (UTC),safehouse-ap-devices-2018-04-17,1.0,Found 1 Events,1,2018-04-17 12:38:15.208,webhook
Tue Apr 17 2018 16:43:40 GMT+0000 (UTC),safehouse-ap-devices-2018-04-17,1.0,Found 3 Events,3,2018-04-17 12:43:40.224,webhook
Tue Apr 17 2018 16:43:45 GMT+0000 (UTC),safehouse-ap-devices-2018-04-17,1.0,Found 3 Events,3,2018-04-17 12:43:45.241,webhook
Tue Apr 17 2018 16:57:50 GMT+0000 (UTC),safehouse-ap-devices-2018-04-17,1.0,Found 1 Events,1,2018-04-17 12:57:50.277,webhook
Tue Apr 17 2018 16:58:10 GMT+0000 (UTC),safehouse-ap-devices-2018-04-17,1.0,Found 1 Events,1,2018-04-17 12:58:10.266,webhook
Tue Apr 17 2018 16:58:15 GMT+0000 (UTC),safehouse-ap-devices-2018-04-17,1.0,Found 1 Events,1,2018-04-17 12:58:15.266,webhook
Tue Apr 17 2018 17:02:45 GMT+0000 (UTC),safehouse-ap-devices-2018-04-17,1.0,Found 1 Events,1,2018-04-17 13:02:45.397,webhook
Tue Apr 17 2018 17:02:50 GMT+0000 (UTC),safehouse-ap-devices-2018-04-17,1.0,Found 1 Events,1,2018-04-17 13:02:50.356,webhook
Tue Apr 17 2018 17:04:20 GMT+0000 (UTC),safehouse-ap-devices-2018-04-17,1.0,Found 1 Events,1,2018-04-17 13:04:20.311,webhook
Tue Apr 17 2018 17:07:50 GMT+0000 (UTC),safehouse-ap-devices-2018-04-17,1.0,Found 1 Events,1,2018-04-17 13:07:50.312,webhook
Tue Apr 17 2018 17:08:00 GMT+0000 (UTC),safehouse-ap-devices-2018-04-17,1.0,Found 1 Events,1,2018-04-17 13:08:00.283,webhook
Tue Apr 17 2018 17:11:05 GMT+0000 (UTC),safehouse-ap-devices-2018-04-17,1.0,Found 1 Events,1,2018-04-17 13:11:05.313,webhook
Tue Apr 17 2018 17:11:10 GMT+0000 (UTC),safehouse-ap-devices-2018-04-17,1.0,Found 2 Events,2,2018-04-17 13:11:10.335,webhook
Tue Apr 17 2018 17:11:15 GMT+0000 (UTC),safehouse-ap-devices-2018-04-17,1.0,Found 2 Events,2,2018-04-17 13:11:15.340,webhook
Tue Apr 17 2018 17:16:20 GMT+0000 (UTC),safehouse-ap-devices-2018-04-17,1.0,Found 1 Events,1,2018-04-17 13:16:20.342,webhook
Tue Apr 17 2018 17:16:30 GMT+0000 (UTC),safehouse-ap-devices-2018-04-17,1.0,Found 1 Events,1,2018-04-17 13:16:30.308,webhook
Tue Apr 17 2018 17:20:00 GMT+0000 (UTC),safehouse-ap-devices-2018-04-17,1.0,Found 1 Events,1,2018-04-17 13:20:00.343,webhook
Tue Apr 17 2018 17:20:05 GMT+0000 (UTC),safehouse-ap-devices-2018-04-17,1.0,Found 1 Events,1,2018-04-17 13:20:05.326,webhook
Tue Apr 17 2018 17:20:10 GMT+0000 (UTC),safehouse-ap-devices-2018-04-17,1.0,Found 1 Events,1,2018-04-17 13:20:10.349,webhook
Tue Apr 17 2018 17:22:05 GMT+0000 (UTC),safehouse-ap-devices-2018-04-17,1.0,Found 1 Events,1,2018-04-17 13:22:05.333,webhook
Tue Apr 17 2018 17:22:10 GMT+0000 (UTC),safehouse-ap-devices-2018-04-17,1.0,Found 1 Events,1,2018-04-17 13:22:10.346,webhook
Tue Apr 17 2018 17:27:20 GMT+0000 (UTC),safehouse-ap-devices-2018-04-17,1.0,Found 1 Events,1,2018-04-17 13:27:20.373,webhook
Tue Apr 17 2018 17:43:35 GMT+0000 (UTC),safehouse-ap-devices-2018-04-17,1.0,Found 4 Events,4,2018-04-17 13:43:35.399,webhook
Tue Apr 17 2018 17:43:40 GMT+0000 (UTC),safehouse-ap-devices-2018-04-17,1.0,Found 4 Events,4,2018-04-17 13:43:40.406,webhook
Tue Apr 17 2018 17:43:45 GMT+0000 (UTC),safehouse-ap-devices-2018-04-17,1.0,Found 4 Events,4,2018-04-17 13:43:45.416,webhook
Tue Apr 17 2018 17:46:30 GMT+0000 (UTC),safehouse-ap-devices-2018-04-17,1.0,Found 1 Events,1,2018-04-17 13:46:30.416,webhook
Tue Apr 17 2018 17:47:00 GMT+0000 (UTC),safehouse-ap-devices-2018-04-17,1.0,Found 1 Events,1,2018-04-17 13:47:00.395,webhook
Tue Apr 17 2018 17:47:05 GMT+0000 (UTC),safehouse-ap-devices-2018-04-17,1.0,Found 1 Events,1,2018-04-17 13:47:05.395,webhook
Tue Apr 17 2018 17:47:10 GMT+0000 (UTC),safehouse-ap-devices-2018-04-17,1.0,Found 1 Events,1,2018-04-17 13:47:10.418,webhook
Tue Apr 17 2018 17:48:15 GMT+0000 (UTC),safehouse-ap-devices-2018-04-17,1.0,Found 1 Events,1,2018-04-17 13:48:15.410,webhook
Tue Apr 17 2018 17:48:20 GMT+0000 (UTC),safehouse-ap-devices-2018-04-17,1.0,Found 1 Events,1,2018-04-17 13:48:20.410,webhook
Tue Apr 17 2018 17:53:05 GMT+0000 (UTC),safehouse-ap-devices-2018-04-17,1.0,Found 1 Events,1,2018-04-17 13:53:05.418,webhook
Tue Apr 17 2018 17:53:10 GMT+0000 (UTC),safehouse-ap-devices-2018-04-17,1.0,Found 1 Events,1,2018-04-17 13:53:10.461,webhook
Tue Apr 17 2018 18:16:00 GMT+0000 (UTC),safehouse-ap-devices-2018-04-17,1.0,Found 1 Events,1,2018-04-17 14:16:00.484,webhook
Tue Apr 17 2018 18:21:15 GMT+0000 (UTC),safehouse-ap-devices-2018-04-17,1.0,Found 1 Events,1,2018-04-17 14:21:15.517,webhook
Tue Apr 17 2018 18:21:20 GMT+0000 (UTC),safehouse-ap-devices-2018-04-17,1.0,Found 1 Events,1,2018-04-17 14:21:20.504,webhook
Tue Apr 17 2018 18:25:30 GMT+0000 (UTC),safehouse-ap-devices-2018-04-17,1.0,Found 1 Events,1,2018-04-17 14:25:30.497,webhook
Tue Apr 17 2018 18:25:35 GMT+0000 (UTC),safehouse-ap-devices-2018-04-17,1.0,Found 1 Events,1,2018-04-17 14:25:35.499,webhook
Tue Apr 17 2018 18:34:50 GMT+0000 (UTC),safehouse-ap-devices-2018-04-17,1.0,Found 1 Events,1,2018-04-17 14:34:50.543,webhook
Tue Apr 17 2018 18:35:00 GMT+0000 (UTC),safehouse-ap-devices-2018-04-17,1.0,Found 1 Events,1,2018-04-17 14:35:00.527,webhook
Tue Apr 17 2018 18:43:35 GMT+0000 (UTC),safehouse-ap-devices-2018-04-17,1.0,Found 6 Events,6,2018-04-17 14:43:35.548,webhook
Tue Apr 17 2018 18:43:40 GMT+0000 (UTC),safehouse-ap-devices-2018-04-17,1.0,Found 6 Events,6,2018-04-17 14:43:40.550,webhook
Tue Apr 17 2018 18:43:45 GMT+0000 (UTC),safehouse-ap-devices-2018-04-17,1.0,Found 6 Events,6,2018-04-17 14:43:45.558,webhook
Tue Apr 17 2018 18:50:40 GMT+0000 (UTC),safehouse-ap-devices-2018-04-17,1.0,Found 1 Events,1,2018-04-17 14:50:40.575,webhook
Tue Apr 17 2018 18:50:45 GMT+0000 (UTC),safehouse-ap-devices-2018-04-17,1.0,Found 1 Events,1,2018-04-17 14:50:45.571,webhook
Tue Apr 17 2018 18:50:50 GMT+0000 (UTC),safehouse-ap-devices-2018-04-17,1.0,Found 1 Events,1,2018-04-17 14:50:50.592,webhook
Tue Apr 17 2018 18:53:30 GMT+0000 (UTC),safehouse-ap-devices-2018-04-17,1.0,Found 1 Events,1,2018-04-17 14:53:30.564,webhook
Tue Apr 17 2018 19:29:40 GMT+0000 (UTC),safehouse-ap-devices-2018-04-17,1.0,Found 1 Events,1,2018-04-17 15:29:40.696,webhook
Tue Apr 17 2018 19:29:45 GMT+0000 (UTC),safehouse-ap-devices-2018-04-17,1.0,Found 1 Events,1,2018-04-17 15:29:45.676,webhook
Tue Apr 17 2018 19:29:50 GMT+0000 (UTC),safehouse-ap-devices-2018-04-17,1.0,Found 1 Events,1,2018-04-17 15:29:50.704,webhook
Tue Apr 17 2018 19:30:30 GMT+0000 (UTC),safehouse-ap-devices-2018-04-17,1.0,Found 1 Events,1,2018-04-17 15:30:30.683,webhook
Tue Apr 17 2018 19:30:35 GMT+0000 (UTC),safehouse-ap-devices-2018-04-17,1.0,Found 1 Events,1,2018-04-17 15:30:35.672,webhook
Tue Apr 17 2018 19:30:45 GMT+0000 (UTC),safehouse-ap-devices-2018-04-17,1.0,Found 1 Events,1,2018-04-17 15:30:45.677,webhook
Tue Apr 17 2018 19:30:50 GMT+0000 (UTC),safehouse-ap-devices-2018-04-17,1.0,Found 1 Events,1,2018-04-17 15:30:50.704,webhook
Tue Apr 17 2018 19:43:00 GMT+0000 (UTC),safehouse-ap-devices-2018-04-17,1.0,Found 1 Events,1,2018-04-17 15:43:00.740,webhook
Tue Apr 17 2018 19:43:05 GMT+0000 (UTC),safehouse-ap-devices-2018-04-17,1.0,Found 1 Events,1,2018-04-17 15:43:05.779,webhook
Tue Apr 17 2018 19:43:10 GMT+0000 (UTC),safehouse-ap-devices-2018-04-17,1.0,Found 1 Events,1,2018-04-17 15:43:10.827,webhook
Tue Apr 17 2018 19:43:35 GMT+0000 (UTC),safehouse-ap-devices-2018-04-17,1.0,Found 7 Events,7,2018-04-17 15:43:35.714,webhook
Tue Apr 17 2018 19:43:40 GMT+0000 (UTC),safehouse-ap-devices-2018-04-17,1.0,Found 7 Events,7,2018-04-17 15:43:40.720,webhook
Tue Apr 17 2018 19:43:45 GMT+0000 (UTC),safehouse-ap-devices-2018-04-17,1.0,Found 7 Events,7,2018-04-17 15:43:45.735,webhook
Tue Apr 17 2018 20:43:40 GMT+0000 (UTC),safehouse-ap-devices-2018-04-17,1.0,Found 4 Events,4,2018-04-17 16:43:40.803,webhook
Tue Apr 17 2018 20:43:45 GMT+0000 (UTC),safehouse-ap-devices-2018-04-17,1.0,Found 4 Events,4,2018-04-17 16:43:45.802,webhook
Tue Apr 17 2018 21:27:05 GMT+0000 (UTC),safehouse-ap-devices-2018-04-17,1.0,Found 1 Events,1,2018-04-17 17:27:05.905,webhook
Tue Apr 17 2018 21:27:10 GMT+0000 (UTC),safehouse-ap-devices-2018-04-17,1.0,Found 1 Events,1,2018-04-17 17:27:10.909,webhook
Tue Apr 17 2018 21:43:40 GMT+0000 (UTC),safehouse-ap-devices-2018-04-17,1.0,Found 4 Events,4,2018-04-17 17:43:40.981,webhook
Tue Apr 17 2018 21:43:45 GMT+0000 (UTC),safehouse-ap-devices-2018-04-17,1.0,Found 4 Events,4,2018-04-17 17:43:45.949,webhook
Tue Apr 17 2018 22:43:35 GMT+0000 (UTC),safehouse-ap-devices-2018-04-17,1.0,Found 5 Events,5,2018-04-17 18:43:35.088,webhook
Tue Apr 17 2018 22:43:40 GMT+0000 (UTC),safehouse-ap-devices-2018-04-17,1.0,Found 5 Events,5,2018-04-17 18:43:40.108,webhook
Tue Apr 17 2018 22:43:45 GMT+0000 (UTC),safehouse-ap-devices-2018-04-17,1.0,Found 5 Events,5,2018-04-17 18:43:45.091,webhook
Tue Apr 17 2018 23:43:40 GMT+0000 (UTC),safehouse-ap-devices-2018-04-17,1.0,Found 5 Events,5,2018-04-17 19:43:40.275,webhook
Tue Apr 17 2018 23:43:45 GMT+0000 (UTC),safehouse-ap-devices-2018-04-17,1.0,Found 5 Events,5,2018-04-17 19:43:45.254,webhook
Wed Apr 18 2018 00:43:40 GMT+0000 (UTC),safehouse-ap-devices-2018-04-18,1.0,Found 5 Events,5,2018-04-17 20:43:40.398,webhook
Wed Apr 18 2018 00:43:45 GMT+0000 (UTC),safehouse-ap-devices-2018-04-18,1.0,Found 5 Events,5,2018-04-17 20:43:45.393,webhook
Wed Apr 18 2018 02:43:40 GMT+0000 (UTC),safehouse-ap-devices-2018-04-18,1.0,Found 5 Events,5,2018-04-17 22:43:40.727,webhook
Wed Apr 18 2018 02:43:45 GMT+0000 (UTC),safehouse-ap-devices-2018-04-18,1.0,Found 5 Events,5,2018-04-17 22:43:45.712,webhook
Wed Apr 18 2018 03:43:35 GMT+0000 (UTC),safehouse-ap-devices-2018-04-18,1.0,Found 4 Events,4,2018-04-17 23:43:35.872,webhook
Wed Apr 18 2018 03:43:40 GMT+0000 (UTC),safehouse-ap-devices-2018-04-18,1.0,Found 4 Events,4,2018-04-17 23:43:40.881,webhook
Wed Apr 18 2018 03:43:45 GMT+0000 (UTC),safehouse-ap-devices-2018-04-18,1.0,Found 4 Events,4,2018-04-17 23:43:45.876,webhook
Wed Apr 18 2018 04:43:40 GMT+0000 (UTC),safehouse-ap-devices-2018-04-18,1.0,Found 3 Events,3,2018-04-18 00:43:40.045,webhook
Wed Apr 18 2018 04:43:45 GMT+0000 (UTC),safehouse-ap-devices-2018-04-18,1.0,Found 3 Events,3,2018-04-18 00:43:45.022,webhook
Wed Apr 18 2018 06:43:40 GMT+0000 (UTC),safehouse-ap-devices-2018-04-18,1.0,Found 1 Events,1,2018-04-18 02:43:40.323,webhook
Wed Apr 18 2018 06:43:45 GMT+0000 (UTC),safehouse-ap-devices-2018-04-18,1.0,Found 1 Events,1,2018-04-18 02:43:45.299,webhook
Wed Apr 18 2018 07:43:40 GMT+0000 (UTC),safehouse-ap-devices-2018-04-18,1.0,Found 3 Events,3,2018-04-18 03:43:40.439,webhook
Wed Apr 18 2018 07:43:45 GMT+0000 (UTC),safehouse-ap-devices-2018-04-18,1.0,Found 3 Events,3,2018-04-18 03:43:45.437,webhook
Wed Apr 18 2018 09:43:35 GMT+0000 (UTC),safehouse-ap-devices-2018-04-18,1.0,Found 5 Events,5,2018-04-18 05:43:35.801,webhook
Wed Apr 18 2018 09:43:40 GMT+0000 (UTC),safehouse-ap-devices-2018-04-18,1.0,Found 5 Events,5,2018-04-18 05:43:40.788,webhook
Wed Apr 18 2018 09:43:45 GMT+0000 (UTC),safehouse-ap-devices-2018-04-18,1.0,Found 5 Events,5,2018-04-18 05:43:45.788,webhook
Wed Apr 18 2018 11:43:40 GMT+0000 (UTC),safehouse-ap-devices-2018-04-18,1.0,Found 4 Events,4,2018-04-18 07:43:40.266,webhook
Wed Apr 18 2018 11:43:45 GMT+0000 (UTC),safehouse-ap-devices-2018-04-18,1.0,Found 4 Events,4,2018-04-18 07:43:45.237,webhook
Wed Apr 18 2018 12:43:40 GMT+0000 (UTC),safehouse-ap-devices-2018-04-18,1.0,Found 2 Events,2,2018-04-18 08:43:40.552,webhook
Wed Apr 18 2018 12:43:45 GMT+0000 (UTC),safehouse-ap-devices-2018-04-18,1.0,Found 2 Events,2,2018-04-18 08:43:45.552,webhook
Wed Apr 18 2018 13:43:40 GMT+0000 (UTC),safehouse-ap-devices-2018-04-18,1.0,Found 5 Events,5,2018-04-18 09:43:40.804,webhook
Wed Apr 18 2018 13:43:45 GMT+0000 (UTC),safehouse-ap-devices-2018-04-18,1.0,Found 5 Events,5,2018-04-18 09:43:45.807,webhook
Wed Apr 18 2018 14:07:00 GMT+0000 (UTC),safehouse-ap-devices-2018-04-18,1.0,Found 1 Events,1,2018-04-18 10:07:00.910,webhook
Wed Apr 18 2018 14:07:05 GMT+0000 (UTC),safehouse-ap-devices-2018-04-18,1.0,Found 1 Events,1,2018-04-18 10:07:05.935,webhook
Wed Apr 18 2018 14:07:16 GMT+0000 (UTC),safehouse-ap-devices-2018-04-18,1.0,Found 1 Events,1,2018-04-18 10:07:16.034,webhook
Wed Apr 18 2018 14:07:20 GMT+0000 (UTC),safehouse-ap-devices-2018-04-18,1.0,Found 1 Events,1,2018-04-18 10:07:20.993,webhook
Wed Apr 18 2018 14:12:00 GMT+0000 (UTC),safehouse-ap-devices-2018-04-18,1.0,Found 1 Events,1,2018-04-18 10:12:00.908,webhook
Wed Apr 18 2018 14:12:05 GMT+0000 (UTC),safehouse-ap-devices-2018-04-18,1.0,Found 2 Events,2,2018-04-18 10:12:05.905,webhook
Wed Apr 18 2018 14:12:10 GMT+0000 (UTC),safehouse-ap-devices-2018-04-18,1.0,Found 1 Events,1,2018-04-18 10:12:10.925,webhook
Wed Apr 18 2018 14:12:15 GMT+0000 (UTC),safehouse-ap-devices-2018-04-18,1.0,Found 1 Events,1,2018-04-18 10:12:15.921,webhook
Wed Apr 18 2018 14:12:30 GMT+0000 (UTC),safehouse-ap-devices-2018-04-18,1.0,Found 1 Events,1,2018-04-18 10:12:30.901,webhook
Wed Apr 18 2018 15:15:00 GMT+0000 (UTC),safehouse-ap-devices-2018-04-18,1.0,Found 1 Events,1,2018-04-18 11:15:00.215,webhook
Wed Apr 18 2018 15:19:00 GMT+0000 (UTC),safehouse-ap-devices-2018-04-18,1.0,Found 1 Events,1,2018-04-18 11:19:00.236,webhook
Wed Apr 18 2018 15:19:05 GMT+0000 (UTC),safehouse-ap-devices-2018-04-18,1.0,Found 1 Events,1,2018-04-18 11:19:05.222,webhook
Wed Apr 18 2018 15:19:10 GMT+0000 (UTC),safehouse-ap-devices-2018-04-18,1.0,Found 1 Events,1,2018-04-18 11:19:10.211,webhook
Wed Apr 18 2018 15:19:45 GMT+0000 (UTC),safehouse-ap-devices-2018-04-18,1.0,Found 1 Events,1,2018-04-18 11:19:45.217,webhook
Wed Apr 18 2018 15:19:50 GMT+0000 (UTC),safehouse-ap-devices-2018-04-18,1.0,Found 1 Events,1,2018-04-18 11:19:50.215,webhook
Wed Apr 18 2018 15:21:30 GMT+0000 (UTC),safehouse-ap-devices-2018-04-18,1.0,Found 1 Events,1,2018-04-18 11:21:30.223,webhook
Wed Apr 18 2018 15:21:35 GMT+0000 (UTC),safehouse-ap-devices-2018-04-18,1.0,Found 1 Events,1,2018-04-18 11:21:35.237,webhook
Wed Apr 18 2018 15:27:30 GMT+0000 (UTC),safehouse-ap-devices-2018-04-18,1.0,Found 2 Events,2,2018-04-18 11:27:30.241,webhook
Wed Apr 18 2018 15:27:35 GMT+0000 (UTC),safehouse-ap-devices-2018-04-18,1.0,Found 1 Events,1,2018-04-18 11:27:35.237,webhook
Wed Apr 18 2018 16:18:30 GMT+0000 (UTC),safehouse-ap-devices-2018-04-18,1.0,Found 1 Events,1,2018-04-18 12:18:30.417,webhook
Wed Apr 18 2018 16:18:35 GMT+0000 (UTC),safehouse-ap-devices-2018-04-18,1.0,Found 1 Events,1,2018-04-18 12:18:35.434,webhook
Wed Apr 18 2018 17:00:30 GMT+0000 (UTC),safehouse-ap-devices-2018-04-18,1.0,Found 1 Events,1,2018-04-18 13:00:30.577,webhook
Wed Apr 18 2018 17:00:35 GMT+0000 (UTC),safehouse-ap-devices-2018-04-18,1.0,Found 1 Events,1,2018-04-18 13:00:35.592,webhook
Wed Apr 18 2018 17:08:10 GMT+0000 (UTC),safehouse-ap-devices-2018-04-18,1.0,Found 1 Events,1,2018-04-18 13:08:10.618,webhook
Wed Apr 18 2018 17:08:15 GMT+0000 (UTC),safehouse-ap-devices-2018-04-18,1.0,Found 1 Events,1,2018-04-18 13:08:15.611,webhook
Wed Apr 18 2018 17:08:20 GMT+0000 (UTC),safehouse-ap-devices-2018-04-18,1.0,Found 2 Events,2,2018-04-18 13:08:20.613,webhook
Wed Apr 18 2018 17:08:30 GMT+0000 (UTC),safehouse-ap-devices-2018-04-18,1.0,Found 1 Events,1,2018-04-18 13:08:30.622,webhook
Wed Apr 18 2018 17:40:35 GMT+0000 (UTC),safehouse-ap-devices-2018-04-18,1.0,Found 1 Events,1,2018-04-18 13:40:35.801,webhook
Wed Apr 18 2018 17:40:40 GMT+0000 (UTC),safehouse-ap-devices-2018-04-18,1.0,Found 1 Events,1,2018-04-18 13:40:40.781,webhook
Wed Apr 18 2018 17:40:45 GMT+0000 (UTC),safehouse-ap-devices-2018-04-18,1.0,Found 1 Events,1,2018-04-18 13:40:45.806,webhook
Wed Apr 18 2018 17:43:40 GMT+0000 (UTC),safehouse-ap-devices-2018-04-18,1.0,Found 5 Events,5,2018-04-18 13:43:40.797,webhook
Wed Apr 18 2018 17:43:45 GMT+0000 (UTC),safehouse-ap-devices-2018-04-18,1.0,Found 5 Events,5,2018-04-18 13:43:45.815,webhook
Wed Apr 18 2018 19:05:10 GMT+0000 (UTC),safehouse-ap-devices-2018-04-18,1.0,Found 1 Events,1,2018-04-18 15:05:10.080,webhook
Wed Apr 18 2018 19:05:15 GMT+0000 (UTC),safehouse-ap-devices-2018-04-18,1.0,Found 1 Events,1,2018-04-18 15:05:15.097,webhook
Wed Apr 18 2018 19:05:20 GMT+0000 (UTC),safehouse-ap-devices-2018-04-18,1.0,Found 1 Events,1,2018-04-18 15:05:20.085,webhook
Wed Apr 18 2018 19:25:05 GMT+0000 (UTC),safehouse-ap-devices-2018-04-18,1.0,Found 1 Events,1,2018-04-18 15:25:05.140,webhook
Wed Apr 18 2018 19:25:10 GMT+0000 (UTC),safehouse-ap-devices-2018-04-18,1.0,Found 1 Events,1,2018-04-18 15:25:10.143,webhook
Wed Apr 18 2018 19:53:55 GMT+0000 (UTC),safehouse-ap-devices-2018-04-18,1.0,Found 1 Events,1,2018-04-18 15:53:55.278,webhook
Wed Apr 18 2018 19:54:00 GMT+0000 (UTC),safehouse-ap-devices-2018-04-18,1.0,Found 1 Events,1,2018-04-18 15:54:00.346,webhook
Wed Apr 18 2018 20:43:35 GMT+0000 (UTC),safehouse-ap-devices-2018-04-18,1.0,Found 3 Events,3,2018-04-18 16:43:35.402,webhook
Wed Apr 18 2018 20:43:40 GMT+0000 (UTC),safehouse-ap-devices-2018-04-18,1.0,Found 3 Events,3,2018-04-18 16:43:40.400,webhook
Wed Apr 18 2018 20:43:45 GMT+0000 (UTC),safehouse-ap-devices-2018-04-18,1.0,Found 3 Events,3,2018-04-18 16:43:45.410,webhook
Wed Apr 18 2018 21:43:35 GMT+0000 (UTC),safehouse-ap-devices-2018-04-18,1.0,Found 2 Events,2,2018-04-18 17:43:35.612,webhook
Wed Apr 18 2018 21:43:40 GMT+0000 (UTC),safehouse-ap-devices-2018-04-18,1.0,Found 2 Events,2,2018-04-18 17:43:40.613,webhook
Wed Apr 18 2018 21:43:45 GMT+0000 (UTC),safehouse-ap-devices-2018-04-18,1.0,Found 2 Events,2,2018-04-18 17:43:45.614,webhook
Wed Apr 18 2018 22:43:40 GMT+0000 (UTC),safehouse-ap-devices-2018-04-18,1.0,Found 2 Events,2,2018-04-18 18:43:40.827,webhook
Wed Apr 18 2018 22:43:45 GMT+0000 (UTC),safehouse-ap-devices-2018-04-18,1.0,Found 2 Events,2,2018-04-18 18:43:45.825,webhook
Wed Apr 18 2018 23:43:40 GMT+0000 (UTC),safehouse-ap-devices-2018-04-18,1.0,Found 1 Events,1,2018-04-18 19:43:40.081,webhook
Wed Apr 18 2018 23:43:45 GMT+0000 (UTC),safehouse-ap-devices-2018-04-18,1.0,Found 1 Events,1,2018-04-18 19:43:45.074,webhook
Thu Apr 19 2018 02:43:40 GMT+0000 (UTC),safehouse-ap-devices-2018-04-19,1.0,Found 2 Events,2,2018-04-18 22:43:40.520,webhook
Thu Apr 19 2018 02:43:45 GMT+0000 (UTC),safehouse-ap-devices-2018-04-19,1.0,Found 2 Events,2,2018-04-18 22:43:45.525,webhook
Thu Apr 19 2018 03:43:35 GMT+0000 (UTC),safehouse-ap-devices-2018-04-19,1.0,Found 2 Events,2,2018-04-18 23:43:35.682,webhook
Thu Apr 19 2018 03:43:40 GMT+0000 (UTC),safehouse-ap-devices-2018-04-19,1.0,Found 2 Events,2,2018-04-18 23:43:40.698,webhook
Thu Apr 19 2018 03:43:45 GMT+0000 (UTC),safehouse-ap-devices-2018-04-19,1.0,Found 2 Events,2,2018-04-18 23:43:45.686,webhook
Thu Apr 19 2018 04:43:35 GMT+0000 (UTC),safehouse-ap-devices-2018-04-19,1.0,Found 2 Events,2,2018-04-19 00:43:35.854,webhook
Thu Apr 19 2018 04:43:40 GMT+0000 (UTC),safehouse-ap-devices-2018-04-19,1.0,Found 2 Events,2,2018-04-19 00:43:40.851,webhook
Thu Apr 19 2018 04:43:45 GMT+0000 (UTC),safehouse-ap-devices-2018-04-19,1.0,Found 2 Events,2,2018-04-19 00:43:45.851,webhook
Thu Apr 19 2018 05:43:40 GMT+0000 (UTC),safehouse-ap-devices-2018-04-19,1.0,Found 2 Events,2,2018-04-19 01:43:40.021,webhook
Thu Apr 19 2018 05:43:45 GMT+0000 (UTC),safehouse-ap-devices-2018-04-19,1.0,Found 2 Events,2,2018-04-19 01:43:45.021,webhook
Thu Apr 19 2018 06:43:40 GMT+0000 (UTC),safehouse-ap-devices-2018-04-19,1.0,Found 1 Events,1,2018-04-19 02:43:40.241,webhook
Thu Apr 19 2018 06:43:45 GMT+0000 (UTC),safehouse-ap-devices-2018-04-19,1.0,Found 1 Events,1,2018-04-19 02:43:45.237,webhook
Thu Apr 19 2018 07:43:40 GMT+0000 (UTC),safehouse-ap-devices-2018-04-19,1.0,Found 2 Events,2,2018-04-19 03:43:40.370,webhook
Thu Apr 19 2018 07:43:45 GMT+0000 (UTC),safehouse-ap-devices-2018-04-19,1.0,Found 2 Events,2,2018-04-19 03:43:45.385,webhook
Thu Apr 19 2018 08:43:40 GMT+0000 (UTC),safehouse-ap-devices-2018-04-19,1.0,Found 2 Events,2,2018-04-19 04:43:40.485,webhook
Thu Apr 19 2018 08:43:45 GMT+0000 (UTC),safehouse-ap-devices-2018-04-19,1.0,Found 2 Events,2,2018-04-19 04:43:45.501,webhook
Thu Apr 19 2018 09:43:40 GMT+0000 (UTC),safehouse-ap-devices-2018-04-19,1.0,Found 2 Events,2,2018-04-19 05:43:40.597,webhook
Thu Apr 19 2018 09:43:45 GMT+0000 (UTC),safehouse-ap-devices-2018-04-19,1.0,Found 2 Events,2,2018-04-19 05:43:45.591,webhook
Thu Apr 19 2018 10:43:35 GMT+0000 (UTC),safehouse-ap-devices-2018-04-19,1.0,Found 2 Events,2,2018-04-19 06:43:35.731,webhook
Thu Apr 19 2018 10:43:40 GMT+0000 (UTC),safehouse-ap-devices-2018-04-19,1.0,Found 2 Events,2,2018-04-19 06:43:40.752,webhook
Thu Apr 19 2018 10:43:45 GMT+0000 (UTC),safehouse-ap-devices-2018-04-19,1.0,Found 2 Events,2,2018-04-19 06:43:45.739,webhook
Thu Apr 19 2018 11:43:40 GMT+0000 (UTC),safehouse-ap-devices-2018-04-19,1.0,Found 2 Events,2,2018-04-19 07:43:40.969,webhook
Thu Apr 19 2018 11:43:46 GMT+0000 (UTC),safehouse-ap-devices-2018-04-19,1.0,Found 2 Events,2,2018-04-19 07:43:46.084,webhook
Thu Apr 19 2018 12:43:40 GMT+0000 (UTC),safehouse-ap-devices-2018-04-19,1.0,Found 2 Events,2,2018-04-19 08:43:40.126,webhook
Thu Apr 19 2018 12:43:45 GMT+0000 (UTC),safehouse-ap-devices-2018-04-19,1.0,Found 2 Events,2,2018-04-19 08:43:45.105,webhook
Thu Apr 19 2018 13:43:40 GMT+0000 (UTC),safehouse-ap-devices-2018-04-19,1.0,Found 2 Events,2,2018-04-19 09:43:40.370,webhook
Thu Apr 19 2018 13:43:45 GMT+0000 (UTC),safehouse-ap-devices-2018-04-19,1.0,Found 2 Events,2,2018-04-19 09:43:45.349,webhook
Thu Apr 19 2018 14:43:40 GMT+0000 (UTC),safehouse-ap-devices-2018-04-19,1.0,Found 2 Events,2,2018-04-19 10:43:40.581,webhook
Thu Apr 19 2018 14:43:45 GMT+0000 (UTC),safehouse-ap-devices-2018-04-19,1.0,Found 2 Events,2,2018-04-19 10:43:45.574,webhook
Thu Apr 19 2018 15:02:10 GMT+0000 (UTC),safehouse-ap-devices-2018-04-19,1.0,Found 1 Events,1,2018-04-19 11:02:10.919,webhook
Thu Apr 19 2018 15:02:15 GMT+0000 (UTC),safehouse-ap-devices-2018-04-19,1.0,Found 1 Events,1,2018-04-19 11:02:15.719,webhook
Thu Apr 19 2018 15:09:35 GMT+0000 (UTC),safehouse-ap-devices-2018-04-19,1.0,Found 1 Events,1,2018-04-19 11:09:35.696,webhook
Thu Apr 19 2018 15:09:40 GMT+0000 (UTC),safehouse-ap-devices-2018-04-19,1.0,Found 1 Events,1,2018-04-19 11:09:40.690,webhook
Thu Apr 19 2018 15:39:05 GMT+0000 (UTC),safehouse-ap-devices-2018-04-19,1.0,Found 1 Events,1,2018-04-19 11:39:05.812,webhook
Thu Apr 19 2018 15:39:10 GMT+0000 (UTC),safehouse-ap-devices-2018-04-19,1.0,Found 1 Events,1,2018-04-19 11:39:10.803,webhook
Thu Apr 19 2018 15:39:15 GMT+0000 (UTC),safehouse-ap-devices-2018-04-19,1.0,Found 1 Events,1,2018-04-19 11:39:15.809,webhook
Thu Apr 19 2018 15:43:35 GMT+0000 (UTC),safehouse-ap-devices-2018-04-19,1.0,Found 3 Events,3,2018-04-19 11:43:35.817,webhook
Thu Apr 19 2018 15:43:40 GMT+0000 (UTC),safehouse-ap-devices-2018-04-19,1.0,Found 4 Events,4,2018-04-19 11:43:40.818,webhook
Thu Apr 19 2018 15:43:45 GMT+0000 (UTC),safehouse-ap-devices-2018-04-19,1.0,Found 4 Events,4,2018-04-19 11:43:45.823,webhook
Thu Apr 19 2018 15:49:45 GMT+0000 (UTC),safehouse-ap-devices-2018-04-19,1.0,Found 1 Events,1,2018-04-19 11:49:45.839,webhook
Thu Apr 19 2018 15:49:50 GMT+0000 (UTC),safehouse-ap-devices-2018-04-19,1.0,Found 1 Events,1,2018-04-19 11:49:50.836,webhook
Thu Apr 19 2018 16:43:41 GMT+0000 (UTC),safehouse-ap-devices-2018-04-19,1.0,Found 2 Events,2,2018-04-19 12:43:41.013,webhook
Thu Apr 19 2018 16:43:45 GMT+0000 (UTC),safehouse-ap-devices-2018-04-19,1.0,Found 2 Events,2,2018-04-19 12:43:45.015,webhook
Thu Apr 19 2018 17:00:15 GMT+0000 (UTC),safehouse-ap-devices-2018-04-19,1.0,Found 1 Events,1,2018-04-19 13:00:15.149,webhook
Thu Apr 19 2018 17:00:20 GMT+0000 (UTC),safehouse-ap-devices-2018-04-19,1.0,Found 1 Events,1,2018-04-19 13:00:20.156,webhook
Thu Apr 19 2018 17:08:15 GMT+0000 (UTC),safehouse-ap-devices-2018-04-19,1.0,Found 1 Events,1,2018-04-19 13:08:15.178,webhook
Thu Apr 19 2018 17:08:20 GMT+0000 (UTC),safehouse-ap-devices-2018-04-19,1.0,Found 1 Events,1,2018-04-19 13:08:20.175,webhook
Thu Apr 19 2018 17:13:40 GMT+0000 (UTC),safehouse-ap-devices-2018-04-19,1.0,Found 1 Events,1,2018-04-19 13:13:40.204,webhook
Thu Apr 19 2018 17:13:45 GMT+0000 (UTC),safehouse-ap-devices-2018-04-19,1.0,Found 1 Events,1,2018-04-19 13:13:45.199,webhook
Thu Apr 19 2018 17:16:15 GMT+0000 (UTC),safehouse-ap-devices-2018-04-19,1.0,Found 1 Events,1,2018-04-19 13:16:15.232,webhook
Thu Apr 19 2018 17:16:20 GMT+0000 (UTC),safehouse-ap-devices-2018-04-19,1.0,Found 1 Events,1,2018-04-19 13:16:20.276,webhook
Thu Apr 19 2018 17:24:40 GMT+0000 (UTC),safehouse-ap-devices-2018-04-19,1.0,Found 1 Events,1,2018-04-19 13:24:40.350,webhook
Thu Apr 19 2018 17:24:45 GMT+0000 (UTC),safehouse-ap-devices-2018-04-19,1.0,Found 1 Events,1,2018-04-19 13:24:45.333,webhook
Thu Apr 19 2018 17:34:05 GMT+0000 (UTC),safehouse-ap-devices-2018-04-19,1.0,Found 1 Events,1,2018-04-19 13:34:05.384,webhook
Thu Apr 19 2018 17:34:10 GMT+0000 (UTC),safehouse-ap-devices-2018-04-19,1.0,Found 1 Events,1,2018-04-19 13:34:10.362,webhook
Thu Apr 19 2018 17:34:15 GMT+0000 (UTC),safehouse-ap-devices-2018-04-19,1.0,Found 1 Events,1,2018-04-19 13:34:15.349,webhook
Thu Apr 19 2018 17:43:35 GMT+0000 (UTC),safehouse-ap-devices-2018-04-19,1.0,Found 4 Events,4,2018-04-19 13:43:35.387,webhook
Thu Apr 19 2018 17:43:40 GMT+0000 (UTC),safehouse-ap-devices-2018-04-19,1.0,Found 4 Events,4,2018-04-19 13:43:40.407,webhook
Thu Apr 19 2018 17:43:45 GMT+0000 (UTC),safehouse-ap-devices-2018-04-19,1.0,Found 4 Events,4,2018-04-19 13:43:45.389,webhook
Thu Apr 19 2018 17:54:30 GMT+0000 (UTC),safehouse-ap-devices-2018-04-19,1.0,Found 1 Events,1,2018-04-19 13:54:30.414,webhook
Thu Apr 19 2018 17:54:35 GMT+0000 (UTC),safehouse-ap-devices-2018-04-19,1.0,Found 1 Events,1,2018-04-19 13:54:35.410,webhook
Thu Apr 19 2018 17:54:40 GMT+0000 (UTC),safehouse-ap-devices-2018-04-19,1.0,Found 1 Events,1,2018-04-19 13:54:40.411,webhook
Thu Apr 19 2018 18:43:20 GMT+0000 (UTC),safehouse-ap-devices-2018-04-19,1.0,Found 1 Events,1,2018-04-19 14:43:20.567,webhook
Thu Apr 19 2018 18:43:30 GMT+0000 (UTC),safehouse-ap-devices-2018-04-19,1.0,Found 1 Events,1,2018-04-19 14:43:30.547,webhook
Thu Apr 19 2018 18:43:40 GMT+0000 (UTC),safehouse-ap-devices-2018-04-19,1.0,Found 3 Events,3,2018-04-19 14:43:40.556,webhook
Thu Apr 19 2018 18:43:45 GMT+0000 (UTC),safehouse-ap-devices-2018-04-19,1.0,Found 3 Events,3,2018-04-19 14:43:45.557,webhook
Thu Apr 19 2018 18:58:30 GMT+0000 (UTC),safehouse-ap-devices-2018-04-19,1.0,Found 1 Events,1,2018-04-19 14:58:30.600,webhook
Thu Apr 19 2018 18:58:35 GMT+0000 (UTC),safehouse-ap-devices-2018-04-19,1.0,Found 1 Events,1,2018-04-19 14:58:35.625,webhook
Thu Apr 19 2018 19:08:30 GMT+0000 (UTC),safehouse-ap-devices-2018-04-19,1.0,Found 1 Events,1,2018-04-19 15:08:30.618,webhook
Thu Apr 19 2018 19:08:35 GMT+0000 (UTC),safehouse-ap-devices-2018-04-19,1.0,Found 1 Events,1,2018-04-19 15:08:35.635,webhook
Thu Apr 19 2018 19:13:30 GMT+0000 (UTC),safehouse-ap-devices-2018-04-19,1.0,Found 1 Events,1,2018-04-19 15:13:30.647,webhook
Thu Apr 19 2018 19:13:35 GMT+0000 (UTC),safehouse-ap-devices-2018-04-19,1.0,Found 1 Events,1,2018-04-19 15:13:35.631,webhook
Thu Apr 19 2018 19:22:00 GMT+0000 (UTC),safehouse-ap-devices-2018-04-19,1.0,Found 1 Events,1,2018-04-19 15:22:00.660,webhook
Thu Apr 19 2018 19:22:05 GMT+0000 (UTC),safehouse-ap-devices-2018-04-19,1.0,Found 1 Events,1,2018-04-19 15:22:05.652,webhook
Thu Apr 19 2018 19:37:30 GMT+0000 (UTC),safehouse-ap-devices-2018-04-19,1.0,Found 1 Events,1,2018-04-19 15:37:30.709,webhook
Thu Apr 19 2018 19:37:35 GMT+0000 (UTC),safehouse-ap-devices-2018-04-19,1.0,Found 1 Events,1,2018-04-19 15:37:35.709,webhook
Thu Apr 19 2018 19:52:30 GMT+0000 (UTC),safehouse-ap-devices-2018-04-19,1.0,Found 1 Events,1,2018-04-19 15:52:30.750,webhook
Thu Apr 19 2018 19:54:00 GMT+0000 (UTC),safehouse-ap-devices-2018-04-19,1.0,Found 1 Events,1,2018-04-19 15:54:00.751,webhook
Thu Apr 19 2018 19:56:40 GMT+0000 (UTC),safehouse-ap-devices-2018-04-19,1.0,Found 1 Events,1,2018-04-19 15:56:40.771,webhook
Thu Apr 19 2018 19:56:45 GMT+0000 (UTC),safehouse-ap-devices-2018-04-19,1.0,Found 1 Events,1,2018-04-19 15:56:45.769,webhook
Thu Apr 19 2018 20:16:00 GMT+0000 (UTC),safehouse-ap-devices-2018-04-19,1.0,Found 1 Events,1,2018-04-19 16:16:00.881,webhook
Thu Apr 19 2018 20:16:05 GMT+0000 (UTC),safehouse-ap-devices-2018-04-19,1.0,Found 1 Events,1,2018-04-19 16:16:05.882,webhook
Thu Apr 19 2018 20:41:00 GMT+0000 (UTC),safehouse-ap-devices-2018-04-19,1.0,Found 1 Events,1,2018-04-19 16:41:00.958,webhook
Fri Apr 20 2018 13:00:20 GMT+0000 (UTC),safehouse-ap-devices-2018-04-20,1.0,Found 1 Events,1,2018-04-20 09:00:20.753,webhook
Fri Apr 20 2018 13:00:30 GMT+0000 (UTC),safehouse-ap-devices-2018-04-20,1.0,Found 1 Events,1,2018-04-20 09:00:30.718,webhook
Fri Apr 20 2018 13:20:00 GMT+0000 (UTC),safehouse-ap-devices-2018-04-20,1.0,Found 1 Events,1,2018-04-20 09:20:00.769,webhook
Fri Apr 20 2018 13:29:15 GMT+0000 (UTC),safehouse-ap-devices-2018-04-20,1.0,Found 1 Events,1,2018-04-20 09:29:15.827,webhook
Fri Apr 20 2018 13:29:20 GMT+0000 (UTC),safehouse-ap-devices-2018-04-20,1.0,Found 1 Events,1,2018-04-20 09:29:20.842,webhook
Fri Apr 20 2018 13:57:00 GMT+0000 (UTC),safehouse-ap-devices-2018-04-20,1.0,Found 1 Events,1,2018-04-20 09:57:00.918,webhook
Fri Apr 20 2018 13:57:05 GMT+0000 (UTC),safehouse-ap-devices-2018-04-20,1.0,Found 1 Events,1,2018-04-20 09:57:05.925,webhook
Fri Apr 20 2018 14:45:15 GMT+0000 (UTC),safehouse-ap-devices-2018-04-20,1.0,Found 1 Events,1,2018-04-20 10:45:15.097,webhook
Fri Apr 20 2018 14:45:20 GMT+0000 (UTC),safehouse-ap-devices-2018-04-20,1.0,Found 1 Events,1,2018-04-20 10:45:20.094,webhook
Mon Apr 23 2018 04:43:40 GMT+0000 (UTC),safehouse-ap-devices-2018-04-23,1.0,Found 1 Events,1,2018-04-23 00:43:40.343,webhook
Mon Apr 23 2018 04:43:45 GMT+0000 (UTC),safehouse-ap-devices-2018-04-23,1.0,Found 1 Events,1,2018-04-23 00:43:45.294,webhook
Mon Apr 23 2018 04:43:50 GMT+0000 (UTC),safehouse-ap-devices-2018-04-23,1.0,Found 1 Events,1,2018-04-23 00:43:50.307,webhook
Mon Apr 23 2018 05:43:40 GMT+0000 (UTC),safehouse-ap-devices-2018-04-23,1.0,Found 1 Events,1,2018-04-23 01:43:40.507,webhook
Mon Apr 23 2018 05:43:45 GMT+0000 (UTC),safehouse-ap-devices-2018-04-23,1.0,Found 1 Events,1,2018-04-23 01:43:45.477,webhook
Mon Apr 23 2018 06:43:40 GMT+0000 (UTC),safehouse-ap-devices-2018-04-23,1.0,Found 1 Events,1,2018-04-23 02:43:40.573,webhook
Mon Apr 23 2018 06:43:45 GMT+0000 (UTC),safehouse-ap-devices-2018-04-23,1.0,Found 1 Events,1,2018-04-23 02:43:45.551,webhook
Mon Apr 23 2018 07:43:40 GMT+0000 (UTC),safehouse-ap-devices-2018-04-23,1.0,Found 1 Events,1,2018-04-23 03:43:40.759,webhook
Mon Apr 23 2018 07:43:45 GMT+0000 (UTC),safehouse-ap-devices-2018-04-23,1.0,Found 1 Events,1,2018-04-23 03:43:45.739,webhook
Mon Apr 23 2018 08:43:40 GMT+0000 (UTC),safehouse-ap-devices-2018-04-23,1.0,Found 1 Events,1,2018-04-23 04:43:40.943,webhook
Mon Apr 23 2018 08:43:45 GMT+0000 (UTC),safehouse-ap-devices-2018-04-23,1.0,Found 1 Events,1,2018-04-23 04:43:45.932,webhook
Mon Apr 23 2018 09:43:40 GMT+0000 (UTC),safehouse-ap-devices-2018-04-23,1.0,Found 1 Events,1,2018-04-23 05:43:40.153,webhook
Mon Apr 23 2018 09:43:45 GMT+0000 (UTC),safehouse-ap-devices-2018-04-23,1.0,Found 1 Events,1,2018-04-23 05:43:45.142,webhook
Mon Apr 23 2018 09:43:50 GMT+0000 (UTC),safehouse-ap-devices-2018-04-23,1.0,Found 1 Events,1,2018-04-23 05:43:50.142,webhook
Mon Apr 23 2018 10:43:40 GMT+0000 (UTC),safehouse-ap-devices-2018-04-23,1.0,Found 1 Events,1,2018-04-23 06:43:40.435,webhook
Mon Apr 23 2018 10:43:45 GMT+0000 (UTC),safehouse-ap-devices-2018-04-23,1.0,Found 1 Events,1,2018-04-23 06:43:45.430,webhook
Mon Apr 23 2018 10:43:50 GMT+0000 (UTC),safehouse-ap-devices-2018-04-23,1.0,Found 1 Events,1,2018-04-23 06:43:50.435,webhook
